nameid,content
A2221,"@早坂愛"
A380,"@早坂愛"
A9226,"@喜多郁代"
AAArcher,"@喜多郁代"
ABiao0220,"@早坂愛"
AC004,"@早坂愛"
ACerol,"@喜多郁代"
AHHHHH,"@早坂愛"
AI77KO,"@早坂愛"
AJwan,"@喜多郁代"
AKAD,"@喜多郁代"
ALIXE,"@早坂愛"
ALJOE30,"@早坂愛"
AMD640,"@早坂愛"
ARCHER2234,"@早坂愛"
ARTORIA,"@早坂愛"
ASEVE,"@早坂愛"
ASSBEAR,"@喜多郁代"
ATAC,"@喜多郁代"
AWii19,"@喜多郁代"
AbhorsenFj,"@早坂愛"
Abigo,"@早坂愛"
Abitshydra,"@喜多郁代"
Abreu1995,"@喜多郁代"
Absioute,"@早坂愛"
AccLaborGo,"@早坂愛"
Acrono,"@早坂愛"
AddictoBear,"@早坂愛"
Adiakyan,"@早坂愛"
Adlem,"@早坂愛"
AdmiralAdudu,"@早坂愛"
AfterDark,"@早坂愛"
AgentZero,"@早坂愛"
Ahri123,"@早坂愛"
Aikwocd,"@喜多郁代"
AinSoph,"@喜多郁代"
Air316116,"@早坂愛"
AirForce00,"@喜多郁代"
AirFuckKing,"@早坂愛"
AirPenguin,"@喜多郁代"
Airantou,"@早坂愛"
Airbus991,"@喜多郁代"
AkaiHaato,"@喜多郁代"
Alcatraz666,"@早坂愛"
Alchemy0514,"@喜多郁代"
AlenChen5566,"@早坂愛"
Aleutian,"@早坂愛"
Alex07,"@早坂愛"
Alexa488,"@早坂愛"
Alfreddx,"@喜多郁代"
Alicia2,"@早坂愛"
AlieN0109,"@早坂愛"
Alixwaltz,"@喜多郁代"
Allegragreen,"@早坂愛"
Allen0835690,"@喜多郁代"
AllenCHE416,"@喜多郁代"
Alliesw,"@早坂愛"
Alopexdiary,"@早坂愛"
AmanoHina,"@喜多郁代"
Amastacia,"@早坂愛"
AmberFei,"@喜多郁代"
Amehaneyuki,"@喜多郁代"
Amizn,"@早坂愛"
Andre3000,"@早坂愛"
Andy147a25,"@喜多郁代"
AndyMAX,"@喜多郁代"
Anemoneheart,"@早坂愛"
AnemoriLuna,"@喜多郁代"
AngelBeats,"@喜多郁代"
Anikiisme,"@喜多郁代"
Antanomi,"@早坂愛"
Antepadleton,"@喜多郁代"
Antitz,"@喜多郁代"
Antiz,"@喜多郁代"
AnyaWakuWaku,"@早坂愛"
AppEurpxikr,"@喜多郁代"
AprilChiang,"@早坂愛"
AprilUi,"@喜多郁代"
AquaChen1012,"@早坂愛"
Aquabeam,"@喜多郁代"
ArayaHellCat,"@早坂愛"
Arbin,"@喜多郁代"
Arcueid,"@喜多郁代"
Aria0421,"@喜多郁代"
AriaHKanzaki,"@喜多郁代"
Armour13,"@早坂愛"
AroChapman,"@早坂愛"
ArtoriaSaber,"@早坂愛"
Aruto1121,"@早坂愛"
As08807,"@喜多郁代"
AsahiDRY,"@喜多郁代"
AsaiKei,"@喜多郁代"
Ash900727,"@喜多郁代"
AshitaAsa,"@喜多郁代"
Assayda,"@喜多郁代"
AstronomyRM,"@早坂愛"
Asty1e,"@早坂愛"
Atempheasure,"@早坂愛"
Athchen,"@早坂愛"
Atkins13,"@早坂愛"
Aurestor,"@喜多郁代"
Authsty,"@早坂愛"
Avvenire,"@早坂愛"
Ayashi,"@早坂愛"
Ayjso,"@早坂愛"
Ayoob,"@喜多郁代"
AzTiana,"@早坂愛"
Azad,"@喜多郁代"
Azaiboshi,"@早坂愛"
Azure5200,"@喜多郁代"
AzureRW,"@喜多郁代"
BBQ56,"@早坂愛"
BBQSaShiMi,"@喜多郁代"
BHBM,"@早坂愛"
BIGBIGFISH,"@早坂愛"
BJ0912,"@喜多郁代"
BL4CK,"@早坂愛"
BMotu,"@喜多郁代"
BUGmanGG,"@早坂愛"
BalaBalaDaBa,"@喜多郁代"
BambooXU,"@喜多郁代"
BancoPew726,"@喜多郁代"
Bansar,"@早坂愛"
Barin1001,"@喜多郁代"
Barry4304,"@喜多郁代"
Batato,"@喜多郁代"
BeBe2303,"@早坂愛"
Beantownfan,"@喜多郁代"
Bearcr,"@喜多郁代"
Belfast,"@喜多郁代"
BellCranel,"@早坂愛"
BellCranell,"@早坂愛"
BenShiuan,"@早坂愛"
Benaries,"@早坂愛"
Benbenyale,"@早坂愛"
Benny022005,"@喜多郁代"
BentonKurisu,"@喜多郁代"
BepHbin,"@喜多郁代"
BerlinerBlau,"@早坂愛"
Bestgktw,"@喜多郁代"
Beynerson,"@喜多郁代"
Biano,"@早坂愛"
BichiB7b7,"@喜多郁代"
BigBird110,"@早坂愛"
BigTounge,"@喜多郁代"
Birdy,"@喜多郁代"
Biyarace,"@早坂愛"
Blackie9211,"@早坂愛"
Blackout,"@早坂愛"
BlastAero,"@喜多郁代"
Blazeleo819,"@早坂愛"
BleuSaphir,"@早坂愛"
Blue24581,"@早坂愛"
BlueFoxMoon,"@喜多郁代"
BluePenPeter,"@早坂愛"
BoYan,"@早坂愛"
BorsigHP,"@喜多郁代"
Boss10227,"@早坂愛"
BossCon,"@喜多郁代"
BraveRay,"@早坂愛"
Brian001,"@喜多郁代"
BroccolYee,"@早坂愛"
BrownDogGut,"@喜多郁代"
BruceHsieh,"@早坂愛"
BrunoBao,"@早坂愛"
BrutalCan,"@早坂愛"
BubbleAdam,"@喜多郁代"
BusHeroVER,"@喜多郁代"
BuyBuy,"@早坂愛"
CATALYST0001,"@早坂愛"
CB00BOO,"@喜多郁代"
CCCyuan,"@早坂愛"
CCNK,"@喜多郁代 孤獨幫幫你們到這了要贏啊"
CChenghann,"@早坂愛"
CDau,"@早坂愛"
CFC1905,"@早坂愛"
CFfisher,"@喜多郁代"
CGtheGREAT,"@早坂愛"
CHCHI,"@早坂愛"
CHEAT1069,"@早坂愛"
CHLee6803,"@早坂愛"
CJDame,"@早坂愛"
CJYen,"@早坂愛"
CJhang,"@早坂愛"
CKAOXXA,"@喜多郁代"
CKTT,"@喜多郁代"
CKYVincent,"@早坂愛"
CLANCHE,"@早坂愛"
CSKING777,"@早坂愛"
CSKelly,"@早坂愛"
CVEFFECT,"@早坂愛"
CY6cKwgf6,"@早坂愛"
CYLee618,"@早坂愛"
Caabnfm,"@早坂愛"
CactusFlower,"@喜多郁代"
Cagesong,"@早坂愛"
Caladbolgx,"@早坂愛"
Calendula,"@喜多郁代"
Campione3310,"@早坂愛"
CarbonK,"@早坂愛"
Carlosan,"@早坂愛"
Casperni,"@喜多郁代"
Cat789456,"@喜多郁代"
CatShitOne,"@喜多郁代"
Catalpa,"@喜多郁代"
CaterpillarK,"@喜多郁代"
CatoMiau,"@喜多郁代"
Ccccy,"@喜多郁代"
Ceadda127,"@早坂愛"
Ceelo,"@喜多郁代"
Celesite,"@早坂愛"
Centauro,"@早坂愛"
Cgtt,"@早坂愛"
ChaiFortune,"@早坂愛"
Chalaw,"@早坂愛"
ChaosKomi,"@喜多郁代"
Chaowei,"@喜多郁代"
Charlie8522,"@喜多郁代"
Chen96770,"@早坂愛"
Cheng894,"@早坂愛"
Cheos,"@早坂愛"
Chieh1228,"@喜多郁代"
Chiitan,"@喜多郁代"
Chocobox3244,"@喜多郁代"
Chongyuan,"@早坂愛"
ChordMojo,"@喜多郁代"
ChungYaoWen,"@早坂愛"
CiCha,"@早坂愛"
Cies96035,"@早坂愛"
CityMaze,"@早坂愛"
ClariS,"@喜多郁代"
ClixTW,"@喜多郁代"
CloserXD,"@喜多郁代"
Cloud10202,"@早坂愛"
ClubKCho,"@早坂愛"
CoCraine,"@早坂愛"
Codyhokkaido,"@喜多郁代"
Cold0857,"@喜多郁代"
ConcealAsh,"@早坂愛"
CooLHoney,"@喜多郁代"
Cookie,"@早坂愛"
Cosine41,"@喜多郁代"
CowBaoGan,"@喜多郁代"
CpYM,"@早坂愛"
Craaa,"@喜多郁代"
CrazyApple,"@喜多郁代"
CrazyCid,"@早坂愛"
CrazyLord,"@早坂愛"
Creepig0519,"@喜多郁代"
CriminalCAO,"@早坂愛"
CrossroadMEI,"@早坂愛"
Cruel2,"@早坂愛"
Csongs,"@早坂愛"
Ctchill,"@早坂愛"
Cyc13,"@早坂愛"
Cyjustin,"@喜多郁代"
DA3921999,"@喜多郁代"
DADADB426,"@早坂愛"
DALANPA,"@早坂愛"
DANANPA,"@喜多郁代"
DASPAWN,"@喜多郁代"
DCR,"@早坂愛"
DDFox,"@喜多郁代"
DDMurakumo,"@早坂愛"
DER1,"@早坂愛"
DFZice,"@早坂愛"
DJSoda,"@喜多郁代"
DKEE,"@喜多郁代"
DMPBBOY,"@早坂愛"
DPPloveTW,"@早坂愛"
DPan,"@早坂愛"
DRose1,"@早坂愛"
DUCK5369,"@早坂愛"
DVDDDDDDDD,"@喜多郁代"
DVE,"@早坂愛"
DaBouSer,"@早坂愛"
DaJoJo,"@喜多郁代"
DaddyIsBack,"@喜多郁代"
Daedolon,"@喜多郁代"
Daha1AG,"@喜多郁代"
DaiFu,"@早坂愛"
Daniel,"@早坂愛"
DanielChouS,"@喜多郁代"
Danielmomo,"@喜多郁代"
Darcenciel,"@喜多郁代"
DarkHolbach,"@喜多郁代"
DarkLoli,"@早坂愛"
DarkWD,"@早坂愛"
Darnatos,"@喜多郁代"
Darvish903,"@喜多郁代"
DavidColdNa,"@喜多郁代"
Davinais,"@喜多郁代"
Daya119,"@喜多郁代"
DeaGoo,"@早坂愛"
DejaVuAE86,"@喜多郁代"
Dennis0715,"@早坂愛"
DerekHolland,"@喜多郁代"
Derekwiz,"@早坂愛"
Devenskorte,"@喜多郁代"
DiLegend,"@早坂愛"
Diaoren2522,"@喜多郁代"
Digense,"@喜多郁代"
Dilair,"@喜多郁代"
DinDing1129,"@早坂愛"
DisgustingVT,"@早坂愛"
DisgustingVT,"@早坂愛"
DkvupEX,"@喜多郁代"
DoDoBang,"@早坂愛"
DoGW2002,"@喜多郁代"
DolcePico,"@早坂愛"
DonDonFans,"@喜多郁代"
Donquixote15,"@早坂愛 差點沒@到"
DoraBoy,"@喜多郁代"
Dorich,"@早坂愛"
Douluna,"@喜多郁代"
DragonTsai,"@早坂愛"
DreamRecord,"@喜多郁代"
DreamTail,"@早坂愛"
Dreamer11705,"@早坂愛"
DrowsyLi,"@喜多郁代"
DsLove710,"@早坂愛"
Dsfsddf,"@早坂愛"
Dwa44,"@喜多郁代"
DyRaidKai,"@早坂愛"
E24056823,"@早坂愛"
E517,"@早坂愛"
ED17056,"@喜多郁代"
EEEEEEEnd14,"@喜多郁代"
EEWH,"@喜多郁代"
EHacker,"@早坂愛"
EJ0413,"@喜多郁代"
ELF007,"@早坂愛"
ELV420,"@喜多郁代"
EMA104,"@喜多郁代"
EMIRU720,"@喜多郁代"
EMon,"@早坂愛"
EQUP,"@喜多郁代"
ERIC1204,"@早坂愛"
ERyder,"@早坂愛"
ESOE5566,"@喜多郁代"
ET58,"@早坂愛"
EXPCDR,"@早坂愛"
EYECTV,"@喜多郁代"
Easypla,"@喜多郁代"
Echeneis,"@喜多郁代"
EchoRyne,"@喜多郁代"
Edechon,"@喜多郁代"
Edison1174,"@喜多郁代"
EdwardXIII,"@喜多郁代"
EexBrweEzeQA,"@喜多郁代"
EinsteinA,"@早坂愛"
Eito7,"@早坂愛"
ElKanaph,"@早坂愛"
EliteCaterpi,"@早坂愛"
Elkman,"@喜多郁代"
Ellis1013,"@喜多郁代"
Elmore,"@喜多郁代"
Elydia,"@喜多郁代"
Enger,"@喜多郁代"
Enticher,"@喜多郁代"
Eowyn5566,"@早坂愛"
EriCartman,"@早坂愛"
Eric102990,"@喜多郁代"
Ericchen1847,"@喜多郁代"
Erichikaunkr,"@喜多郁代"
Ericz7000,"@早坂愛"
Erishcross,"@喜多郁代"
EroGami,"@喜多郁代"
Eternal1994,"@喜多郁代"
EtouShizuku,"@喜多郁代"
Eugeniee,"@喜多郁代"
Eva44,"@早坂愛"
Evenxoxo,"@早坂愛"
ExCaleBuR,"@喜多郁代"
Excrement35,"@喜多郁代"
Explosionpp,"@早坂愛"
F16V,"@喜多郁代"
F1ower,"@早坂愛"
FANDAGG,"@喜多郁代"
FAQayame,"@早坂愛"
FCXY,"@喜多郁代"
FDark17,"@早坂愛"
FISH11947,"@喜多郁代"
FJHS,"@早坂愛"
FLAS,"@喜多郁代"
FXT200,"@喜多郁代"
FXW11314,"@早坂愛"
FaiRy5247,"@早坂愛"
FakeBlack,"@早坂愛"
Fallanakin,"@喜多郁代"
FanHalen,"@早坂愛"
FantasyTure,"@喜多郁代"
FatTigerrr,"@早坂愛"
FeiJai0057,"@早坂愛"
Felixwen,"@早坂愛"
Fenikso,"@喜多郁代"
Ferdinand263,"@早坂愛"
Feverist,"@早坂愛"
Fierement,"@早坂愛"
Fighttot,"@喜多郁代"
FinnWu,"@喜多郁代"
FirePopcorn,"@喜多郁代"
FizzinRiver,"@喜多郁代"
FncRookie001,"@喜多郁代"
Foreveryears,"@早坂愛"
FoxtailMille,"@早坂愛"
FrEezeMe,"@喜多郁代"
FranChouChou,"@喜多郁代"
FreeXdom0329,"@喜多郁代 冠軍加油"
Freeven,"@早坂愛"
Froppy320,"@喜多郁代"
Frost6Aria,"@喜多郁代"
FsjhuabnA,"@早坂愛"
Fubukichan,"@早坂愛"
FuckQguy,"@喜多郁代"
FunkySoul,"@早坂愛"
FurudoErika,"@早坂愛"
FuruyaRei,"@早坂愛"
FutureMetaVe,"@早坂愛"
Fuuin,"@早坂愛"
Fuusenkazura,"@喜多郁代"
FuwaAika,"@喜多郁代"
Fxckyou5566,"@喜多郁代"
GAIKING,"@早坂愛"
GAOTT,"@喜多郁代"
GBAMAN,"@早坂愛"
GCnae,"@早坂愛"
GFJ,"@早坂愛"
GGD,"@早坂愛"
GGGGGGGGJJJ,"@早坂愛"
GGINDOWBOW,"@早坂愛"
GGNext,"@早坂愛"
GGkaki,"@早坂愛"
GN2000,"@早坂愛"
GODENG,"@喜多郁代"
GOGOAAS,"@喜多郁代"
GPIO5566,"@喜多郁代"
GRUAVAer,"@早坂愛"
GT47,"@早坂愛"
GTA6,"@早坂愛"
GTX4080,"@喜多郁代"
GY426,"@喜多郁代"
GYLin,"@喜多郁代"
Galbygene,"@早坂愛"
GawrGura3527,"@喜多郁代"
Gekka,"@喜多郁代"
GenShoku,"@喜多郁代"
Genos,"@早坂愛"
GentleLarry,"@早坂愛"
Gentlemon,"@早坂愛"
Gentlemon,"@早坂愛"
GeorgeTW,"@早坂愛"
Georgebuy,"@早坂愛"
Gesundheit,"@早坂愛"
GiantGG,"@喜多郁代"
GiauLong,"@早坂愛"
GilSa,"@喜多郁代"
Gilt1234,"@早坂愛"
Gjallarhorn,"@喜多郁代"
Glitchmaster,"@喜多郁代"
GlycerinLOL,"@早坂愛"
GoWv1028,"@早坂愛"
GodJJ,"@早坂愛"
GodMune0608,"@早坂愛"
GodV,"@喜多郁代"
Godamer,"@早坂愛"
Godshou508,"@早坂愛"
GonXiaXiao,"@早坂愛"
Goradox,"@喜多郁代"
GorguiDieng,"@喜多郁代"
Gothavier,"@早坂愛"
Gragas,"@喜多郁代"
Greenlake,"@早坂愛"
GreyRunner,"@喜多郁代"
Grimgar,"@早坂愛"
Grolsch,"@喜多郁代"
Grothendieck,"@喜多郁代"
Guaiss,"@早坂愛"
Guavatree,"@喜多郁代"
GuraShark,"@喜多郁代"
Gurafans,"@早坂愛"
Gyman130,"@喜多郁代"
GyroCompass,"@喜多郁代"
GyroZeppeli,"@早坂愛"
HAN6520,"@早坂愛"
HAmakers,"@喜多郁代"
HCHS21033,"@喜多郁代"
HCL2368,"@喜多郁代"
HD820,"@喜多郁代"
HERJORDAN,"@早坂愛"
HFang,"@早坂愛"
HGK,"@喜多郁代"
HHH555JJJ,"@喜多郁代"
HIYO77541,"@早坂愛"
HIYO77541,"@早坂愛"
HKCs,"@早坂愛"
Haerin520,"@早坂愛"
Hakase5566,"@喜多郁代"
Haku1Koyor1,"@早坂愛"
Halashow,"@喜多郁代"
Han199281,"@早坂愛"
Han199281,"@早坂愛"
Han199281,"@早坂愛"
Han199281,"@早坂愛"
HanaIro,"@喜多郁代"
HanadaIru,"@早坂愛"
Hanekawa3447,"@喜多郁代"
Haqua,"@喜多郁代"
HardenRock,"@早坂愛"
Harry2002,"@喜多郁代"
Haruna1998,"@早坂愛"
Hathief,"@喜多郁代"
Hati0608,"@喜多郁代"
HayasakaAi,"@早坂愛"
Hchocolate,"@喜多郁代"
Headache99,"@早坂愛"
HeilMeinSieg,"@早坂愛"
Hellowu,"@早坂愛"
Hermit0612,"@早坂愛"
HiZaku,"@喜多郁代"
HibikiKai,"@喜多郁代"
Himuraki,"@喜多郁代"
Hitagi,"@早坂愛"
Hometown8421,"@喜多郁代"
HowBazinga,"@早坂愛"
Howard000123,"@早坂愛"
HowardLangou,"@早坂愛"
Howdao,"@早坂愛"
Hrlosa073,"@喜多郁代"
Hsan,"@喜多郁代"
HsuTT,"@喜多郁代"
Hsuaaaanlala,"@喜多郁代"
HuangJ,"@喜多郁代"
HuiXillya,"@早坂愛"
Hurt,"@早坂愛"
Hvenry,"@早坂愛"
Hyelinlover,"@早坂愛"
ICELEE,"@喜多郁代"
IEBars,"@早坂愛"
IFeltQQ,"@早坂愛"
ILTINGI,"@喜多郁代"
ILoveBacon,"@喜多郁代"
ILoveChoco,"@早坂愛"
ILoveTouma,"@喜多郁代"
ISRC,"@早坂愛"
IZUMISAKAI,"@早坂愛"
Iamarunner77,"@喜多郁代"
Iamentire,"@喜多郁代"
Iamhungry37,"@早坂愛"
Ian32236,"@早坂愛"
IanHaku,"@早坂愛"
IcyCrystal,"@早坂愛"
Ikaros1110,"@早坂愛"
Iknow,"@喜多郁代"
IllMOR,"@喜多郁代"
Illusion72,"@喜多郁代"
Iloverushia,"@早坂愛"
ImaiLisa,"@早坂愛"
Imakamenride,"@喜多郁代"
Imbiggg,"@早坂愛"
Imyrr,"@早坂愛"
InfoWars,"@早坂愛"
Informatik,"@早坂愛"
InnerArt,"@喜多郁代"
Inori0912,"@喜多郁代"
InoueNagi,"@早坂愛"
InsaneRabbit,"@早坂愛"
IntelG4560,"@喜多郁代"
InternPlus,"@喜多郁代"
Intes,"@喜多郁代"
Irenicus,"@喜多郁代"
Ironmanisme,"@早坂愛"
Irwinmango,"@早坂愛"
Isa0709,"@早坂愛"
Ishikawa0319,"@早坂愛"
Ishtarasuka,"@喜多郁代"
IsonaEi,"@早坂愛"
IsshikiIroha,"@早坂愛"
Ita21316140,"@早坂愛"
ItachiKami,"@早坂愛"
JBLs,"@喜多郁代"
JCLocke,"@早坂愛"
JH2527,"@喜多郁代"
JJbig,"@早坂愛"
JOE1176,"@喜多郁代"
JOHN9814,"@早坂愛"
JOJOw991052,"@早坂愛"
JSeung,"@早坂愛"
JTFWAHQ,"@早坂愛"
JUFF831,"@早坂愛"
JUNU,"@早坂愛"
JWN8742532,"@早坂愛"
Jaaack,"@早坂愛"
Jack274,"@喜多郁代"
Jack555129,"@早坂愛"
JackChe,"@喜多郁代"
JackLiu0756p,"@早坂愛"
JackWeng,"@喜多郁代"
Jacky781113,"@早坂愛"
JackyMing,"@喜多郁代"
Jaka,"@喜多郁代"
James0421,"@早坂愛"
JasonCY,"@早坂愛"
JcXGTcW,"@喜多郁代"
Jccn2771,"@早坂愛"
Jeff92186,"@喜多郁代"
JeffMnO4,"@喜多郁代"
JenniferLope,"@早坂愛"
Jeremycoach,"@喜多郁代"
Jerry0323,"@早坂愛"
Jetinacn,"@喜多郁代"
JianKey,"@早坂愛"
Jie0724,"@喜多郁代"
JimmyBlue,"@早坂愛"
JimmyRod,"@早坂愛"
Jin63916,"@喜多郁代"
JminGGptt,"@早坂愛"
Jnine,"@喜多郁代"
JoBaker,"@早坂愛"
JoFz,"@早坂愛"
Joannashinn,"@喜多郁代"
Joe112,"@喜多郁代"
Joey0625,"@喜多郁代"
JoeyGGYee,"@喜多郁代"
Johnny1989,"@喜多郁代"
JohnnyRev,"@喜多郁代"
Johnnycccc,"@早坂愛"
Jordis,"@喜多郁代"
JoseFz16,"@早坂愛"
Joseph0326,"@早坂愛"
JoshHuang199,"@早坂愛"
Julian9x9x9,"@早坂愛"
Jun02,"@喜多郁代"
JustSayori,"@早坂愛"
JustinDay,"@喜多郁代"
JustinPTT,"@喜多郁代"
JustinPTT,"@喜多郁代"
Justshana,"@早坂愛"
JusufNurkic,"@喜多郁代"
Juus,"@喜多郁代"
JyJian,"@喜多郁代"
KATAMIUTA,"@喜多郁代"
KATOAKANE,"@喜多郁代"
KAWARLU,"@早坂愛"
KBSN,"@早坂愛"
KComingYa,"@早坂愛"
KHAXVII,"@喜多郁代"
KIMCHAEWON,"@喜多郁代"
KJkuo,"@喜多郁代"
KK0514,"@喜多郁代"
KK875620,"@早坂愛"
KKGSXZK,"@喜多郁代"
KKGSXZK,"@喜多郁代"
KL62477,"@喜多郁代"
KS23,"@早坂愛"
KY0428,"@早坂愛"
KabanChan,"@喜多郁代"
KafuuChino,"@早坂愛"
Kagami424,"@喜多郁代"
Kaguya199808,"@早坂愛"
Kaine7935,"@喜多郁代"
Kaken,"@早坂愛"
KakiSakura,"@喜多郁代"
Kammy,"@喜多郁代"
Kaneki,"@早坂愛"
Kaneshiro,"@早坂愛"
KangarooDad,"@喜多郁代"
Kartsdown,"@早坂愛"
KaruizawaKei,"@早坂愛"
Kase,"@早坂愛"
Kashionz,"@喜多郁代"
KasugaMirai,"@早坂愛"
Kawayooo,"@喜多郁代"
Keatonzeus,"@早坂愛"
Kedge,"@早坂愛"
Kein545,"@喜多郁代"
Kemin666,"@早坂愛"
Ken210430,"@喜多郁代"
Ken99523,"@早坂愛"
KenCastle,"@早坂愛"
KenZheng,"@早坂愛"
Kenny0808,"@早坂愛"
Kentai1994,"@早坂愛"
KerFel,"@早坂愛"
Kevin0619,"@喜多郁代"
Kevinboy,"@喜多郁代"
Kheige,"@喜多郁代"
Khon9985,"@喜多郁代"
Khui1014,"@早坂愛"
KilroyTseng,"@喜多郁代"
King5566,"@喜多郁代"
Kingfruit,"@早坂愛"
KingofBP,"@早坂愛"
KiniroMosaic,"@喜多郁代"
KinohikoRin,"@喜多郁代"
KinoniK,"@早坂愛"
Kirito1108,"@早坂愛"
KiwyKuo,"@早坂愛"
Knighty,"@早坂愛"
Kobemail5566,"@早坂愛"
Kohran,"@早坂愛"
Koiyuki,"@喜多郁代"
KomachiO,"@喜多郁代"
Kotom871,"@喜多郁代"
KotoriMine,"@早坂愛"
Koume129,"@喜多郁代"
Kouyou,"@早坂愛"
Ksncat,"@早坂愛"
KsonPjk4ever,"@喜多郁代"
KsonPjk4ever,"@早坂愛"
Kumiko7788,"@喜多郁代"
KuroUranai,"@喜多郁代"
KuroeHanako,"@喜多郁代"
Kururu8079,"@喜多郁代"
Kururu8079,"@喜多郁代"
Kusou7719,"@喜多郁代"
Kuyama158899,"@喜多郁代"
Kvirus,"@喜多郁代"
KyoumaDa,"@喜多郁代"
Kyrie2,"@早坂愛"
Kyun1073,"@早坂愛"
LANJAY,"@喜多郁代"
LAODIE,"@喜多郁代"
LAriza,"@早坂愛"
LBEX,"@喜多郁代"
LBJCHA,"@喜多郁代"
LC151,"@早坂愛"
LCKlee,"@早坂愛"
LDY97,"@早坂愛"
LDY97,"@早坂愛"
LEON90385,"@早坂愛"
LFD,"@早坂愛"
LGSANYO,"@早坂愛"
LLJwhat,"@喜多郁代"
LPCbaimlly,"@喜多郁代"
LTKO,"@早坂愛"
LUDWIN,"@喜多郁代"
Laevatein98,"@早坂愛"
Lailai13,"@早坂愛"
Laiyinhate,"@早坂愛"
Lament329,"@喜多郁代"
Lamigo0113,"@喜多郁代"
LanPPT,"@喜多郁代"
LastBatista,"@早坂愛"
LauraArsseid,"@早坂愛"
Lazypigy,"@早坂愛"
LeafLu,"@喜多郁代"
Leaflock,"@喜多郁代"
Leaping1030,"@早坂愛"
LeeEnfield,"@喜多郁代"
LeeJing,"@早坂愛"
Leenock,"@早坂愛"
Lemoho,"@早坂愛"
Lemon0320,"@喜多郁代"
Leo123457,"@早坂愛"
Leojheng,"@早坂愛"
Leonard21,"@早坂愛"
Leontsai,"@早坂愛"
Lhmstu,"@早坂愛"
LiChyuan,"@喜多郁代"
LiangKaiKai,"@喜多郁代"
Lightorz,"@喜多郁代"
Likewise22,"@早坂愛"
LilUzi9527,"@早坂愛"
LinXiang,"@喜多郁代"
Lindeman5566,"@喜多郁代"
Lineage097,"@喜多郁代"
Lisanity,"@喜多郁代"
LittlePBall,"@喜多郁代"
LjunTcf,"@早坂愛"
LoKingSer,"@早坂愛"
LobsterB,"@喜多郁代"
LockBoxxx,"@早坂愛"
Lockonxx,"@喜多郁代"
LogoAdmin,"@喜多郁代"
LoidForger,"@早坂愛"
Loli9715421,"@喜多郁代"
LoliconWei,"@早坂愛"
LoneWolf1436,"@早坂愛"
Loneknight4n,"@早坂愛"
LooolOAO,"@早坂愛"
LosDHunTom,"@早坂愛"
LoveArcueid,"@早坂愛"
LoveChoRong,"@早坂愛"
LoveEarth,"@喜多郁代"
LoveYuju,"@喜多郁代"
Lucis,"@早坂愛"
Luffier,"@早坂愛"
Luffy5087,"@早坂愛"
Luftwaffe,"@早坂愛"
Lukerr,"@喜多郁代"
Lukesky,"@喜多郁代"
Lulilier,"@早坂愛"
Lumbereddy,"@早坂愛"
LunLun3605,"@早坂愛"
LunaDance,"@喜多郁代"
Lunarclo,"@喜多郁代"
Lupin97,"@早坂愛"
Lux11,"@早坂愛"
LuxArcadia,"@早坂愛"
Lycee,"@早坂愛"
MARATHON,"@早坂愛"
MBubble,"@喜多郁代"
MFRcpyc,"@喜多郁代"
MIOAAZO,"@早坂愛"
MITPajamas,"@喜多郁代"
MLL3801,"@早坂愛"
MOTG,"@早坂愛"
MadMelon,"@喜多郁代"
Magicjuke,"@早坂愛"
Makil0langeb,"@早坂愛"
Malygoose,"@喜多郁代"
Mango807,"@喜多郁代"
Manto0233,"@早坂愛"
MapleLA,"@早坂愛 一生摯愛"
Mapless,"@早坂愛"
Marginals,"@喜多郁代"
Marliz,"@早坂愛"
Mars1227,"@喜多郁代"
MasCat,"@喜多郁代"
MasterLu,"@早坂愛"
Masturbating,"@喜多郁代"
Matrones,"@早坂愛"
Max112358,"@喜多郁代"
MaxGDAM,"@早坂愛"
Maximumheat,"@早坂愛"
Maxwell0930,"@早坂愛"
McFc,"@早坂愛"
McFc,"@早坂愛"
McKen,"@喜多郁代"
McLawrenceLe,"@喜多郁代"
McSlap,"@早坂愛"
MeaninglessL,"@早坂愛"
Melodyer,"剛剛忘記小老鼠了 @早坂愛"
Melodyer,"@早坂愛"
Mendess,"@喜多郁代"
Mentha,"@喜多郁代"
Mesenne,"@早坂愛"
Meteor077,"@早坂愛"
MiA6,"@早坂愛"
MiCross,"@喜多郁代"
MiTeuna,"@早坂愛"
MiaoLain,"@喜多郁代"
MichaelRedd,"@早坂愛"
MickeyHowl,"@早坂愛"
MidoriKawa,"@早坂愛"
MidoriLOVE,"@喜多郁代"
Mikotosama,"@喜多郁代"
Mikushama,"@早坂愛"
Millhiore,"@早坂愛"
Mimiipad,"@早坂愛"
Minalinsk,"@喜多郁代"
Mingyea,"@早坂愛"
Mipan5566,"@早坂愛"
Misaka5566,"@早坂愛"
MistyLife,"@喜多郁代"
Mochy,"@喜多郁代"
MomoSaiko,"@喜多郁代"
MomosusuNeNe,"@喜多郁代"
MonDaNai,"@早坂愛"
Monetelliz,"@早坂愛"
MoodyBlues,"@喜多郁代"
Mornini,"@喜多郁代"
MrCool5566,"@喜多郁代"
MrUncle,"@喜多郁代"
MrWaiting,"@早坂愛"
Mraz0514,"@喜多郁代"
Mspirit,"@喜多郁代"
MuessMaki,"@喜多郁代"
Muku2357,"@喜多郁代"
Multilink,"@早坂愛"
Mushroomegg,"@喜多郁代"
Mustafar,"@喜多郁代"
MutsuKai,"@喜多郁代"
MuuuZhooou,"@喜多郁代"
MyKal1001,"@喜多郁代"
Mydadisgay,"@早坂愛"
Myosotis,"@喜多郁代"
MythWalker,"@喜多郁代"
NASH0201,"@早坂愛"
NB11,"@早坂愛"
NCISAL,"@早坂愛"
NCKUbigGG,"@喜多郁代"
NCTU1iver,"@早坂愛"
NCTU87,"@喜多郁代"
NEFan,"@喜多郁代"
NEKOWORKi,"@喜多郁代"
NENEmywife,"@喜多郁代"
NN1997,"@早坂愛"
NOTteric,"@早坂愛"
NPJ5566,"@早坂愛"
NPttnoob,"@喜多郁代"
NTRturnleft,"@早坂愛"
NTUKarbe,"@早坂愛"
NaNaSe88,"@早坂愛"
Naaahime,"@喜多郁代"
Naerak177,"@早坂愛"
Nagato,"@早坂愛"
NakaokaLove,"@早坂愛"
NanaAinya,"@早坂愛"
Nanase525777,"@早坂愛"
NanashiMumei,"@喜多郁代"
Nanasora,"@喜多郁代"
Nani3484,"@早坂愛"
Nauglamir,"@喜多郁代"
NavBlack,"@早坂愛"
Naxxer,"@喜多郁代"
Neet,"@早坂愛"
NeilSu,"@早坂愛"
Neilyc2021,"@喜多郁代"
Nepon,"@喜多郁代"
NerfMePls,"@喜多郁代"
NerfMePls,"@喜多郁代"
Neros12,"@早坂愛"
Neuenmuller,"@喜多郁代"
Nevan,"@喜多郁代"
NeverEnder,"@喜多郁代"
NeverF,"@早坂愛"
Nevhir,"@早坂愛"
Nichijou,"@喜多郁代"
Nicky258,"@早坂愛"
Nikeo,"@喜多郁代"
NinaMoon,"@早坂愛"
Nino0114,"@喜多郁代"
Ninorin,"@早坂愛"
Nitori,"@喜多郁代"
NiuNiuDaWang,"@早坂愛"
Niuromem,"@早坂愛"
NiyaSakura,"@喜多郁代"
Nmine,"@喜多郁代"
No,"@喜多郁代"
NoLimination,"@早坂愛"
Noblein,"@喜多郁代"
Noia1987,"@喜多郁代"
NomeL,"@早坂愛"
Nono5269,"@早坂愛"
Notif520,"@喜多郁代"
Novak4107,"@喜多郁代"
Now2020,"@喜多郁代"
NozoxEli,"@早坂愛"
Nuddy,"@早坂愛"
Nuey,"@早坂愛"
Nunki,"@早坂愛"
Nvidialiu,"@早坂愛"
Nyorozuka,"@喜多郁代"
OAOb,"@喜多郁代"
OGCOGCOGCOGC,"@喜多郁代"
OK8066889,"@喜多郁代"
OLDGOATSOUP,"@喜多郁代"
OLdk1123,"@喜多郁代"
OWOWCOOLA,"@早坂愛"
Oaptsenn,"@喜多郁代"
Oasia5566,"@早坂愛"
Offizier,"@喜多郁代"
Okhotsk,"@喜多郁代"
OldYellowDog,"@早坂愛"
OmegaDog,"@喜多郁代"
Onionsoda,"@喜多郁代"
Onishi,"@早坂愛"
Onizuka23,"@早坂愛"
OnoderaHaru,"@喜多郁代"
OoHBKoO,"@早坂愛"
OoOYTM,"@早坂愛"
Oolong5566,"@早坂愛"
OrZander,"@喜多郁代"
OrangePest,"@喜多郁代"
OrangeTissue,"@喜多郁代"
OriOri,"@早坂愛"
OriginWorld,"@喜多郁代"
OrzXXXqoo,"@喜多郁代"
OrzYeah,"@喜多郁代"
OtakeAyaka,"@早坂愛"
OzzieAlbies,"@喜多郁代"
PEHP,"@喜多郁代"
PIXX,"@喜多郁代"
PKBUNNY,"@早坂愛"
PMQQ,"@早坂愛"
PNXkbara,"@喜多郁代"
PONANZA,"@早坂愛"
PRODIGALEX,"@早坂愛"
PTTerwei,"@早坂愛"
Paradox0327,"@早坂愛"
ParkChanWook,"@早坂愛"
Pash97143,"@早坂愛"
Patamon,"@喜多郁代"
PathosCross,"@早坂愛"
Patrice,"@喜多郁代"
Patrickyou,"@喜多郁代"
PeNiZHiT,"@喜多郁代"
PekoKiara,"@喜多郁代"
Perelman,"@早坂愛"
Peurintesa,"@早坂愛"
Piercetsai,"@早坂愛"
PigBlood,"@早坂愛"
PinRong,"@喜多郁代"
Piroxicam,"@喜多郁代"
PitrN,"@喜多郁代"
Plaka,"@早坂愛"
PlazyTT,"@早坂愛"
PogChampLUL,"@喜多郁代"
Poincare,"@早坂愛"
Ponyyy0101,"@早坂愛"
PowerWood,"@喜多郁代"
PoyuCHENG,"@早坂愛"
PredatorSS,"@喜多郁代"
PrinzEugenX,"@早坂愛"
PttDreaming,"@早坂愛"
PttOpYuan,"@早坂愛"
PunkGrass,"@喜多郁代"
Puraland,"@喜多郁代"
Pygarnet11,"@喜多郁代"
QBRoboT,"@喜多郁代"
QaaYU,"@喜多郁代"
QoGIVoQ,"@早坂愛"
Qoo159357,"@早坂愛"
QooIN,"@早坂愛"
Qooriver570,"@早坂愛"
Qubit,"@喜多郁代"
Quietlake,"@喜多郁代"
Qunima,"@早坂愛"
R35kyo8979,"@喜多郁代"
R6,"@喜多郁代"
RECGE,"@喜多郁代"
RG5678,"@喜多郁代"
RJsKB,"@早坂愛"
RMsupml,"@早坂愛"
RO5566,"@喜多郁代"
ROSS,"@喜多郁代"
RRRRRR5566,"@早坂愛"
RRTA,"@早坂愛"
RS9527,"@喜多郁代"
RUNXX91815,"@早坂愛"
RabbitQ,"@早坂愛"
Rafachu,"@早坂愛"
RaidenRei,"@喜多郁代"
RaidenRei,"@喜多郁代"
Raimu,"@早坂愛"
Rainbow0919,"@早坂愛"
Raki333,"@早坂愛"
RamenOwl,"@喜多郁代"
RanceTsai,"@喜多郁代"
RandyMarsh,"@早坂愛"
RapunzElsa,"@喜多郁代"
Raushers,"@喜多郁代"
RavenHeaven,"@早坂愛"
RavenLin,"@喜多郁代"
RawBeef,"@早坂愛"
Ray0605,"@喜多郁代"
Ray801,"@喜多郁代"
Raymond6411,"@早坂愛"
RealNigga,"@早坂愛"
Recht0035,"@喜多郁代"
RecoSothis,"@喜多郁代"
RedHearTaker,"@喜多郁代"
Redtail,"@早坂愛"
RegOwl,"@喜多郁代"
Register,"@喜多郁代"
Rehabptt,"@喜多郁代"
Rektgg,"@喜多郁代"
Repulse,"@早坂愛"
Rex34980762,"@早坂愛"
Reyna,"@喜多郁代"
Rhanptt,"@早坂愛"
RheaChen,"@喜多郁代"
RiaHorisaki,"@喜多郁代"
Ricardo3595,"@早坂愛"
RiceLover,"@早坂愛"
Richelieu,"@早坂愛"
Richun,"@早坂愛"
Ricin,"@早坂愛"
Ricky3Rubio,"@早坂愛"
Rightclick,"@早坂愛"
Rikka,"@早坂愛"
RindouMikoto,"@喜多郁代"
Riot,"@早坂愛"
Rivet06,"@喜多郁代"
Rjnnn,"@早坂愛"
RoastSaury,"@早坂愛"
Roentgenium,"@喜多郁代"
Roger7777,"@早坂愛"
Rolldadice,"@喜多郁代"
RoseC,"@喜多郁代"
RosieChaeng,"@早坂愛"
Rothur,"@喜多郁代"
RoyRoy2,"@早坂愛"
Roystu,"@早坂愛"
RuRu0421,"@喜多郁代"
Ruhb1234,"@喜多郁代"
Ruin0019,"@喜多郁代"
RumiManiac,"@早坂愛"
Rush0406,"@喜多郁代"
RushiaUruha,"@喜多郁代"
Ryan10,"@早坂愛"
Ryow,"@喜多郁代"
Ryu3y3s,"@喜多郁代"
Ryupei,"@早坂愛"
Ryushui,"@喜多郁代"
S000105X,"@喜多郁代"
SATORUGOJO,"@早坂愛"
SAsong319,"@喜多郁代"
SC27,"@早坂愛"
SCHWARZMILCH,"@喜多郁代"
SE010,"@喜多郁代"
SEANousagi,"@喜多郁代"
SFFS,"@早坂愛"
SGshinji,"@喜多郁代"
SKY25desert,"@早坂愛"
SKYHas,"@喜多郁代"
SLantyr,"@早坂愛"
SNLee,"@早坂愛"
SNSD941,"@早坂愛"
SR3MP,"@喜多郁代"
SS913034,"@早坂愛"
SSIKLO,"@喜多郁代"
SSZXIQ96,"@喜多郁代"
SShimmer,"@早坂愛"
SToshiteru,"@喜多郁代"
SUZUKI5566,"@喜多郁代"
SYUAN0301,"@早坂愛"
SaberTheBest,"@早坂愛"
Sacral,"@早坂愛"
Sadolapapa,"@早坂愛"
Sakamaki,"@早坂愛"
Sakamaki,"請認明 @早坂愛 喔"
Sakamaki,"@早坂愛"
Sakamaki,"請認明 @早坂愛 ，一人一真愛，救救早坂愛"
Sakamaki,"請認明 @早坂愛，一人一真愛，救救早坂愛"
Sakamaki,"請認明 @早坂愛 ，一人一真愛，救救早坂愛"
Sakuramico,"@喜多郁代"
SamWei12,"@喜多郁代"
SanyaValin,"@喜多郁代"
Sasword,"@早坂愛"
Sawashiro,"@喜多郁代"
Sawashiro,"@喜多郁代"
Schottkytea,"@喜多郁代"
SenouNatsuru,"@喜多郁代"
SeoHyoWon,"@喜多郁代"
Serio,"@喜多郁代"
Sessyoin,"@喜多郁代"
Shadouie,"@早坂愛"
ShadoxFish,"@早坂愛"
Shakugan289,"@早坂愛"
Shane8610,"@喜多郁代"
ShaoZuo,"@早坂愛"
ShiShow,"@喜多郁代"
ShibaTatsuya,"@早坂愛"
ShibuyaRin,"@早坂愛"
Shihei8191,"@喜多郁代"
ShikimiCHO,"@喜多郁代"
Shimo704,"@早坂愛"
Shirase,"@早坂愛"
ShortP,"@喜多郁代"
ShuaiDa,"@喜多郁代"
SiaSi,"@早坂愛"
Siki0816,"@喜多郁代"
SilentRain24,"@喜多郁代"
SinJCK,"@早坂愛"
SinkaiTeitok,"@早坂愛"
SioNeyJead,"@喜多郁代"
SiranuiFlare,"@早坂愛"
SiranuiFlare,"@喜多郁代"
SiranuiFlare,"@早坂愛"
SiranuiFlare,"@喜多郁代"
SirotanSeaI,"@早坂愛"
SitOnBench,"@早坂愛"
SkyPhoenix,"@早坂愛"
Slzreo1726,"@早坂愛"
SmallCard,"@喜多郁代"
Smallsh,"@早坂愛"
Smonth,"@早坂愛"
Snail2511,"@喜多郁代"
Sniqow,"@喜多郁代"
SoQXuanChi,"@喜多郁代"
SolBrave,"@早坂愛"
Solinarymoon,"@早坂愛"
Solosea,"@早坂愛"
SonataMoon,"@早坂愛"
Songla08,"@喜多郁代"
Songla08,"@喜多郁代"
SonyXperiaZ3,"@喜多郁代"
SonyZ,"@早坂愛"
Soodesu,"@早坂愛"
SooyounJung,"@早坂愛"
SoulAttack,"@喜多郁代"
SoulNov,"@早坂愛"
Southpolarbe,"@早坂愛"
Sovat,"@喜多郁代"
SpecialWeek,"@喜多郁代"
SpiceWolf,"@早坂愛"
SpursTony09,"@早坂愛"
StCor,"@喜多郁代"
StNeverRush,"@喜多郁代"
StarFox0910,"@喜多郁代"
Starduster,"@喜多郁代"
StarlightG,"@早坂愛"
Steven778899,"@喜多郁代"
Steven890211,"@早坂愛"
Steyee,"@喜多郁代"
Stormpanda,"@早坂愛"
SubaTomo,"@早坂愛"
Suetsumuhana,"@喜多郁代"
Sugarfish,"@早坂愛"
SugawaraMaya,"@早坂愛"
SuichanKWI,"@喜多郁代"
SuiseiLeda,"@喜多郁代"
SunFox58,"@早坂愛"
SungGo,"@喜多郁代"
SunnyBrian,"@喜多郁代"
SuperLamu,"@喜多郁代"
SymboliRudof,"@早坂愛"
SzuHungChang,"@早坂愛"
T6B48KAA1,"@早坂愛"
TABEKING,"@喜多郁代"
TAWCN,"@早坂愛"
TBnyanya45P,"@喜多郁代"
TESong,"@早坂愛"
TFAskyjoe,"@喜多郁代"
TIANPJ,"@早坂愛"
TITITTI,"@早坂愛"
TKyon,"@喜多郁代"
TOAJOT,"@早坂愛"
TOBY0130,"@早坂愛"
TOTORO1988,"@早坂愛"
TRosenthal,"@喜多郁代"
TS28,"@早坂愛"
TSMCfabXX,"@喜多郁代"
TSroin,"@喜多郁代"
TT123458,"@早坂愛"
TUTOTO,"@喜多郁代"
TWKatsuo,"@喜多郁代"
TXD,"@喜多郁代"
Tabris157,"@喜多郁代"
Tads,"@喜多郁代 我要為海夢報仇"
TaiYangBing,"@早坂愛"
Tainvecs,"@喜多郁代"
Taiwanese888,"@喜多郁代"
TakanasiRika,"@早坂愛"
Tankeke,"@喜多郁代"
Tantei,"@早坂愛"
Tars,"@早坂愛"
Tawara,"@喜多郁代"
Tcintc228,"@喜多郁代"
TeaEEE,"@喜多郁代"
TeamFrotress,"@喜多郁代"
TentoEtsu,"@早坂愛"
TerryWA,"@早坂愛"
Thatman1824,"@早坂愛"
Theo57,"@早坂愛"
ThorFukt,"@早坂愛"
Thunderstrok,"@早坂愛"
Tiandai,"@早坂愛"
Tiguru,"@早坂愛"
Tim8554321,"@早坂愛"
Timmelody,"@早坂愛"
Timon1025,"@喜多郁代"
Tinggguwu,"@喜多郁代"
TitanEric,"@早坂愛"
ToTo0306,"@早坂愛"
TocoToucan,"@早坂愛"
Tohkachan,"@早坂愛"
TohnoShiki,"@早坂愛"
Tomic5566,"@早坂愛"
TommyTora,"@早坂愛"
TonyDaMuMA,"@喜多郁代"
Tonykkwar,"@喜多郁代"
Tourmaline,"@早坂愛"
TriAngoLd,"@喜多郁代"
TroyeSivan,"@早坂愛"
TroyeSivan,"@早坂愛"
TrueTears,"@喜多郁代"
Trump,"@喜多郁代"
Tsukasa0320,"@早坂愛"
TsukasaTD,"@早坂愛"
TsworldG,"@早坂愛"
Tuna251,"@早坂愛"
TyrionTheImp,"@喜多郁代"
Tzt156892,"@早坂愛"
U9234030,"@喜多郁代"
UE27,"@早坂愛"
UE27,"@早坂愛"
USSMontana,"@喜多郁代"
UkyoXiang,"@早坂愛"
UmeMao,"@早坂愛"
Undertaker07,"@早坂愛"
UshiKyuu,"@喜多郁代"
Uskey,"@喜多郁代"
Utelli,"@早坂愛"
VICTORIA2623,"@早坂愛"
VITO977,"@喜多郁代"
VIVY2061,"@喜多郁代"
VIXINDEX,"@早坂愛"
VSirin,"@喜多郁代"
VVUVV,"@喜多郁代"
VanillaH,"@喜多郁代"
Veigar0620,"@早坂愛"
Vladilena,"@喜多郁代"
Voljin,"@喜多郁代"
VupXu,"@喜多郁代"
WFSGT,"@早坂愛"
WYH1011,"@喜多郁代"
WaMooseLa,"@早坂愛"
WaSi5566,"@早坂愛"
WafuGao,"@早坂愛"
WangDanny,"@早坂愛"
WangZY,"@早坂愛"
Wardyal,"@喜多郁代"
WayThuz,"@喜多郁代"
WayneChan,"@喜多郁代"
WeiFour,"@早坂愛"
WeiKitten,"@喜多郁代"
Weiyoyo,"@早坂愛"
Wen10Rivers,"@早坂愛"
WesleyKao331,"@早坂愛"
Whatdinner,"@喜多郁代"
Whirlwind703,"@喜多郁代"
WhiteHermit,"@喜多郁代"
Wickdop,"@早坂愛"
Wildsheep,"@早坂愛"
Willdododo,"@早坂愛"
Williamsocoo,"@喜多郁代"
Williamsocoo,"@喜多郁代"
WindSignal,"@喜多郁代"
WindowsSucks,"@喜多郁代"
WingStorming,"@早坂愛"
Winglet,"@喜多郁代"
WithAnyway,"@早坂愛"
Wkuirui,"@早坂愛"
Wl02509806,"@早坂愛"
Woyun99,"@早坂愛"
Wtaa,"@喜多郁代"
WuColn,"@喜多郁代"
WuSam,"@喜多郁代"
WulinWorks,"@喜多郁代"
WunnihhgeCCa,"@早坂愛"
Wush978,"@早坂愛"
Wusha,"@早坂愛"
X20ASFreedom,"@喜多郁代"
X28338136X,"@喜多郁代"
X94314123,"@早坂愛"
XCCGIRI,"@早坂愛"
XD875620,"@早坂愛"
XFan,"@喜多郁代"
XFantasyX,"@喜多郁代"
XFarter,"@早坂愛"
XH031777,"@喜多郁代"
XXXXXXXXXD,"@早坂愛"
XXXXXXXXXL,"@早坂愛"
XavierLu,"@早坂愛"
XenoHikari,"@喜多郁代"
Xenovia,"@喜多郁代"
XiaoLi,"@早坂愛"
XiaoMa5548,"@早坂愛"
XiaoMa5548,"@早坂愛"
Xibunbun,"@早坂愛"
XimLi,"@喜多郁代"
Ximcra,"@喜多郁代"
Xincha,"@早坂愛"
Xpwa563704ju,"@喜多郁代"
Y1999,"@喜多郁代"
YAMYME,"@喜多郁代"
YCyeh89,"@早坂愛"
YLTYY,"@早坂愛"
YMney,"@喜多郁代"
YQE766,"@喜多郁代"
YUANBoB,"@早坂愛"
YUIHINA,"@早坂愛"
YWisyou,"@喜多郁代 沒有喜多川海夢，起碼也要讓喜多這個名"
YagamiHayate,"@早坂愛"
YagenAniki,"@喜多郁代"
Yamadaryo920,"@喜多郁代"
Yanbing,"@早坂愛"
YandereLove,"@喜多郁代"
Yang10255,"@早坂愛"
YasyajinAi,"@喜多郁代"
Yazmin897,"@早坂愛"
YeSerD,"@喜多郁代"
YiYaochAng,"@早坂愛"
Yiming0603,"@喜多郁代"
YoLei0719,"@喜多郁代"
YoZiyoyololz,"@早坂愛"
Yoballken,"@喜多郁代"
YodsLing,"@早坂愛"
Yohachan,"@早坂愛"
Yomi0x0,"@喜多郁代"
Yoru,"@早坂愛"
YoruHentai,"@喜多郁代"
Yoruakira,"@喜多郁代"
Yoshikage,"@喜多郁代"
Yoshimi0228,"@喜多郁代"
Youkai0825,"@早坂愛"
Yu170,"@喜多郁代"
YuanHM,"@喜多郁代"
Yuaow,"@早坂愛"
Yuisocute,"@喜多郁代"
Yuki2316,"@早坂愛"
YukiNatsu,"@早坂愛"
Yukiatsu,"@早坂愛"
YuuQSoa,"@早坂愛"
ZA753286,"@早坂愛"
ZC13S,"@喜多郁代"
ZNash,"@喜多郁代"
ZSDR,"@早坂愛"
Zac881230,"@早坂愛"
ZacharyX,"@喜多郁代"
Zacoe,"@喜多郁代"
Zchanya,"@早坂愛"
ZealZhang,"@喜多郁代"
Zenryaku,"@喜多郁代"
Zeppeli,"@早坂愛"
Zerogos,"@喜多郁代"
Zerolimit,"@早坂愛"
ZhaShi,"@早坂愛"
ZhanBo,"@早坂愛"
ZiHen,"@喜多郁代"
ZirconC,"@喜多郁代"
ZoeorZelda,"@早坂愛"
Zunkey,"@喜多郁代"
Zygarde,"@喜多郁代"
a000079713,"@早坂愛"
a0015100151,"@早坂愛"
a00950950,"@早坂愛"
a0187307,"@早坂愛"
a05121004,"@早坂愛"
a062361316,"@早坂愛"
a0913,"@早坂愛"
a0919610611,"@喜多郁代"
a0935263193,"@早坂愛"
a0995023,"打錯補推 @早坂愛"
a0995023,"@早坂愛"
a1122dog,"@喜多郁代"
a1204,"@早坂愛"
a122771723,"@喜多郁代"
a123444556,"@早坂愛"
a12358646,"@喜多郁代"
a1296340,"@早坂愛"
a1338,"@喜多郁代"
a13381338,"@早坂愛"
a1379,"@早坂愛"
a1379456852,"@喜多郁代"
a138496723,"@早坂愛"
a15934759,"@喜多郁代"
a1598742002,"@喜多郁代"
a16745984,"@早坂愛"
a1773042,"@早坂愛"
a1835795,"@喜多郁代"
a19245051,"@喜多郁代"
a19650830,"@喜多郁代"
a1993821111,"@喜多郁代"
a1c2x3,"@早坂愛"
a200650305,"@喜多郁代"
a200650305,"@喜多郁代"
a20403508,"@喜多郁代"
a216034,"@早坂愛"
a216034,"@早坂愛"
a22122212,"@喜多郁代"
a223340266,"@喜多郁代"
a2357945,"@早坂愛"
a23962787,"@早坂愛"
a24203740,"@喜多郁代"
a24577969,"@喜多郁代"
a24678fl75,"@早坂愛"
a24801707a,"@早坂愛"
a2492409g,"@喜多郁代"
a25018250,"@早坂愛"
a25270672,"@喜多郁代"
a26108593,"@早坂愛"
a26315875,"@喜多郁代"
a27358942,"@早坂愛"
a27921839,"@早坂愛"
a28200266,"@早坂愛"
a282840,"@喜多郁代"
a2831408,"@喜多郁代"
a2881105,"@早坂愛"
a29238629,"@喜多郁代"
a2945,"@早坂愛"
a3021214,"@喜多郁代"
a30612david,"@早坂愛"
a31121397,"@喜多郁代"
a3221715,"@喜多郁代"
a37514496,"@早坂愛"
a40558473,"@早坂愛"
a40558473,"@早坂愛"
a4302f,"@喜多郁代"
a43164910,"@喜多郁代"
a45651932,"@喜多郁代"
a4578cbd,"@早坂愛"
a4786033,"@喜多郁代"
a4796314,"@早坂愛"
a48692,"@喜多郁代"
a5015454,"@喜多郁代"
a5065605,"@喜多郁代"
a5245242003,"@喜多郁代 只好投喜多了"
a5245242003,"@喜多郁代"
a52655,"@早坂愛"
a54534,"@喜多郁代"
a554083,"@喜多郁代"
a5566200511,"@喜多郁代"
a570405000,"@早坂愛"
a600360,"@喜多郁代"
a606152004,"@喜多郁代"
a6815953,"@喜多郁代"
a72158412009,"@早坂愛"
a724332,"@早坂愛"
a773001a,"@喜多郁代"
a7771726,"@喜多郁代"
a82611141,"@喜多郁代"
a840108,"@早坂愛"
a84666520,"@喜多郁代"
a86781638,"@早坂愛"
a88112857,"@早坂愛"
a88rtye,"@喜多郁代"
a910111232,"@喜多郁代"
a915617,"@早坂愛"
a92005712d,"@早坂愛"
a92306130,"@喜多郁代"
a9318493184,"@早坂愛"
a9486l,"@早坂愛"
a951l753vin,"@喜多郁代"
a95624807,"@喜多郁代"
a9578323,"@喜多郁代"
a95st41014,"@早坂愛"
a96316,"@喜多郁代"
a9854021,"@早坂愛"
aYAZ,"@早坂愛"
aa0801aa,"@早坂愛"
aa1052v,"@早坂愛"
aa1335678,"@早坂愛"
aa22008806,"@喜多郁代"
aa80604aa,"@早坂愛"
aa851202,"@早坂愛"
aa851202,"@早坂愛"
aa91300tw,"@喜多郁代"
aaa22623,"@喜多郁代"
aaa5228,"@喜多郁代"
aaaa14251425,"@喜多郁代"
aaaa5457,"@早坂愛"
aaasss6622,"@早坂愛"
aabb3221,"@喜多郁代"
aabb6105,"@喜多郁代"
aad784900,"@喜多郁代"
aalive,"@喜多郁代"
aall2468,"@喜多郁代"
aar5566,"@早坂愛"
aass173656,"@早坂愛"
aaysekig,"@早坂愛"
ab341622,"@喜多郁代"
abab40116,"@喜多郁代"
abc10204,"@早坂愛"
abc1258976,"@喜多郁代"
abc12689,"@早坂愛"
abc21440558,"@早坂愛"
abc24959856,"@喜多郁代"
abc5982848,"@喜多郁代"
abc7005123,"@早坂愛"
abc7213143,"@早坂愛"
abc81720601,"@早坂愛"
abc87025,"@喜多郁代"
abc87987,"@喜多郁代"
abcd1111,"@喜多郁代"
abcd2605361,"@早坂愛"
abcs4587888,"@喜多郁代"
abd86731,"@早坂愛"
abjx,"@喜多郁代 嗚嗚好難選，兩個都是我的翅膀啊"
aboutak47,"@喜多郁代"
abstract44,"@早坂愛"
aby123,"@喜多郁代"
acdess,"@喜多郁代"
acds0933,"@早坂愛"
ace16525,"@早坂愛"
ace92150,"@喜多郁代"
aceapple,"@喜多郁代"
acezero,"@早坂愛"
achuck11,"@早坂愛"
acsw232,"@早坂愛"
actgoat,"@喜多郁代"
actuy,"@早坂愛"
ad0101,"@喜多郁代"
ad5060,"@喜多郁代"
adam8520,"@早坂愛"
adamfangfang,"@早坂愛"
adata5678,"@早坂愛"
adcarryu,"@喜多郁代"
addict615,"@早坂愛"
adidas1222,"@早坂愛"
adjkkkkk,"@早坂愛"
adolph72,"@喜多郁代"
adoto,"@喜多郁代"
adsl99763,"@早坂愛"
adslsars,"@早坂愛"
adu320,"@喜多郁代"
adzc2568,"@喜多郁代"
aegis43210,"@早坂愛"
aegisWIsL,"@喜多郁代"
aegius1r,"@喜多郁代"
aei66ou6,"@喜多郁代"
aerith1226,"@喜多郁代"
aerolitestar,"@早坂愛"
afa76,"@早坂愛"
afoliagefind,"@早坂愛"
afteryoudie,"@喜多郁代"
agape4237,"@早坂愛"
agb202214,"@喜多郁代"
agilulf,"@喜多郁代"
agwolf11,"@喜多郁代"
ahank289,"@早坂愛"
ahebe9990,"@早坂愛"
ahomegod,"@喜多郁代"
ahw12000,"@喜多郁代"
aikensh5566,"@喜多郁代"
aiko7012,"@早坂愛"
aikoDisk,"@早坂愛"
aikyam,"@早坂愛"
aikyan,"@早坂愛"
aimak,"@早坂愛"
ajeoirgh,"@早坂愛"
ajyang,"@喜多郁代"
akari7695,"@喜多郁代"
akarilala,"@早坂愛"
akarl115,"@早坂愛"
akay1334,"@喜多郁代"
ake1234,"@喜多郁代"
aketu,"@早坂愛"
akiha,"@早坂愛"
akira0956,"@早坂愛"
akirain,"@喜多郁代"
akisumi,"@喜多郁代"
aks172582,"@喜多郁代"
aksone,"@早坂愛"
alan30408,"@早坂愛"
alan54218,"@喜多郁代"
alan61612,"@喜多郁代"
alanqq0624,"@早坂愛"
alanshaker,"@喜多郁代"
alanswill,"@早坂愛"
alawoow,"@早坂愛"
alaza1,"@早坂愛"
albert101010,"@喜多郁代"
albert820423,"@早坂愛"
albertbefas,"@早坂愛"
albus9768,"@早坂愛"
aldnoahzero,"@早坂愛"
alec1215,"@早坂愛"
alex22721373,"@喜多郁代"
alex343425,"@喜多郁代"
alex6625,"@喜多郁代"
alex912888,"@喜多郁代"
alextain,"@早坂愛"
alfa871212,"@早坂愛"
alfhdhsh,"@早坂愛"
aliceeeeee,"@早坂愛"
alienck68,"@喜多郁代"
alienfive,"@早坂愛"
alinalovers,"@早坂愛"
alis0821,"@早坂愛"
allan5320,"@早坂愛"
allanbrook,"@喜多郁代"
allem40306,"@早坂愛"
allen0pig,"@喜多郁代"
allen1994,"@喜多郁代"
allen51107,"@喜多郁代"
allen84,"@早坂愛"
allen886886,"@喜多郁代"
allen95069,"@早坂愛"
allenlmc,"@早坂愛"
allenvenus,"@喜多郁代"
allin2609,"@早坂愛"
allomifo,"@早坂愛"
alouis,"@早坂愛"
aloveparu27,"@早坂愛"
alpho,"@早坂愛"
alwyss,"@喜多郁代"
am268403,"@喜多郁代"
amanda0ray,"@早坂愛"
amilkamilk,"@早坂愛"
amkikau,"@喜多郁代"
amos456456,"@早坂愛"
amos52,"@早坂愛"
amoshyc,"@喜多郁代"
amumugank,"@喜多郁代"
amurochar,"@早坂愛"
amy3428,"@喜多郁代"
an7162183,"@早坂愛"
ancca,"@喜多郁代"
andersonlin,"@喜多郁代"
andrew0312,"@早坂愛"
andy095722,"@喜多郁代"
andy12074691,"@早坂愛"
andy2021995,"@喜多郁代"
andy26aslc,"@喜多郁代"
andy31031,"@早坂愛"
andy613,"@喜多郁代"
andy7799,"@早坂愛"
andy810306,"@喜多郁代"
andy82116,"@早坂愛"
andy822511,"@喜多郁代"
andy83914,"@喜多郁代"
andy880104,"@早坂愛"
andy950626,"@早坂愛"
andy991217,"@喜多郁代"
andychang,"@早坂愛"
andyche86,"@喜多郁代"
andyk27,"@喜多郁代"
andyleeyuan,"@早坂愛"
andynorth,"@早坂愛"
andypp76,"@喜多郁代"
anest,"@早坂愛"
angelafreet,"@喜多郁代"
angenieux,"@早坂愛"
angerm1117,"@早坂愛"
anice100,"@喜多郁代"
anjuchika,"@喜多郁代"
annie2005ya,"@早坂愛"
annyuu,"@早坂愛"
anomie0504,"@喜多郁代"
anonym19,"@早坂愛"
anop12345,"@喜多郁代"
anpinjou,"@早坂愛 懇請支持"
anri,"@早坂愛"
anticrime,"@早坂愛"
antonio019,"@喜多郁代"
antonyno3,"@喜多郁代"
anus5566,"@喜多郁代"
aoegame1,"@早坂愛"
aohonoo,"@喜多郁代"
apeter83,"@喜多郁代"
apple123773,"@早坂愛"
apple970066,"@早坂愛"
applechan032,"@喜多郁代"
applejone,"@喜多郁代"
applewalker,"@早坂愛"
april01019,"@早坂愛"
apulu0507,"@喜多郁代"
aqoojack0204,"@早坂愛"
aquacake,"@喜多郁代"
aquamorion,"@早坂愛"
aquarius2012,"@早坂愛"
arakijunko,"@早坂愛"
aram9527,"@喜多郁代"
aram9527,"@喜多郁代"
arashiyuki,"@喜多郁代"
arcanite,"@喜多郁代"
archer326,"@早坂愛"
arenoe,"@喜多郁代"
arepee,"@早坂愛"
argorok,"@喜多郁代"
aritseng,"@喜多郁代"
arriraai5213,"@早坂愛"
arrogant7799,"@喜多郁代"
arsenalozill,"@喜多郁代"
arsene123,"@早坂愛"
arshuan,"@早坂愛"
arthur9292,"@喜多郁代"
arthurduh1,"@喜多郁代"
artismydream,"@喜多郁代"
artywu,"@早坂愛"
as0914,"@早坂愛"
as12938a,"@早坂愛"
as1l3578654,"@早坂愛"
as305602,"@喜多郁代"
as349349,"@喜多郁代"
as4565971,"@早坂愛"
as8116536,"@喜多郁代"
as9615908,"@早坂愛"
asabcd8547,"@早坂愛"
asakucarlos,"@早坂愛"
asce123456,"@早坂愛"
asd050,"@喜多郁代"
asd0510150,"@早坂愛"
asd073328,"@早坂愛"
asd1024587,"@喜多郁代"
asd304069510,"@喜多郁代"
asd641,"@早坂愛"
asd823,"@早坂愛"
asd854623,"@喜多郁代"
asdafafhg01,"@喜多郁代"
asdcpi790,"@喜多郁代"
asdcxz625,"@喜多郁代"
asdf1944,"@早坂愛"
asdf2769,"@早坂愛"
asdf73,"@早坂愛"
asdfadsl,"@喜多郁代"
asdfg11028,"@早坂愛"
asdfgh369,"@喜多郁代"
asdkindkind7,"@早坂愛"
asdwsd,"@喜多郁代"
asefcian,"@喜多郁代"
asercv14632,"@喜多郁代"
ases60909,"@喜多郁代"
asgardgogo,"@喜多郁代"
ash9911911,"@喜多郁代"
ashely200809,"@早坂愛"
ashiraka,"@早坂愛"
ashs92223,"@喜多郁代"
asiagoodtone,"@早坂愛"
asidy,"@喜多郁代"
asjhsammy,"@早坂愛"
asks3327,"@喜多郁代"
askye546388,"@早坂愛"
aspd193,"@早坂愛"
aspd5306,"@早坂愛"
aspdaspd,"@早坂愛"
asq52357,"@早坂愛"
asrich,"@喜多郁代"
asrichfox,"@早坂愛"
assassin653,"@喜多郁代"
assassinrex,"@早坂愛"
assd1025,"@喜多郁代"
assd41401,"@早坂愛"
assination,"@早坂愛"
asssstang,"@早坂愛"
astll73,"@喜多郁代"
astrayred2L,"@早坂愛"
astrocoke,"@早坂愛"
asus0408,"@早坂愛"
aszx725433,"@喜多郁代"
atatkk,"@喜多郁代"
atbhao05,"@喜多郁代"
athrun0206,"@早坂愛"
atinace0225,"@早坂愛"
attotsai,"@喜多郁代"
auel861218,"@喜多郁代"
augustlin,"@早坂愛"
austin0414,"@喜多郁代"
autoexe,"@早坂愛"
avalon66,"@喜多郁代"
avcds1111,"@喜多郁代"
aweee,"@喜多郁代"
awenracious,"@早坂愛"
awish3707,"@喜多郁代"
axis0985,"@早坂愛"
axlxyz,"@喜多郁代"
ayachyan,"@喜多郁代"
ayala,"@喜多郁代"
ayameno1,"@早坂愛"
ayanami41,"@喜多郁代"
az25256058,"@喜多郁代"
az564232,"@喜多郁代"
az753951,"@早坂愛"
azazel0821,"@早坂愛"
azazxz123,"@早坂愛"
azure567812,"@早坂愛"
azusa007,"@喜多郁代"
azusacomet,"@早坂愛"
azxcjer5638,"@早坂愛"
azxs000009,"@喜多郁代"
b0132083,"@喜多郁代"
b26728170,"@喜多郁代"
b77889999,"@喜多郁代"
b782706,"@早坂愛"
b78321530,"@喜多郁代"
b8210208,"@早坂愛"
b99202071,"@早坂愛"
ba2001,"@早坂愛"
bababao,"@喜多郁代"
babalababa,"@喜多郁代"
babipalapo,"@喜多郁代"
backpackertw,"@早坂愛"
badend8769,"@喜多郁代"
badruid,"@喜多郁代"
bag0831,"@喜多郁代"
bahamutjr,"@早坂愛"
bakaaaaaaa,"@喜多郁代"
bakajohn,"@喜多郁代"
bakecrab,"@早坂愛"
bala045,"@早坂愛"
balehsieh,"@早坂愛"
balgaintl,"@喜多郁代"
balisondavid,"@早坂愛"
baly4222,"@早坂愛"
bam5566,"@早坂愛"
bamama56,"@早坂愛"
bamboopole,"@早坂愛"
banana1,"@喜多郁代"
banana190,"@喜多郁代"
banana5566,"@早坂愛"
banbanban,"@早坂愛"
bane1132,"@喜多郁代"
baphonter,"@早坂愛"
bardisgod,"@喜多郁代"
barry841120,"@喜多郁代"
barry9527,"@喜多郁代"
bautz,"@早坂愛"
bawkbak24,"@早坂愛"
bayiyo,"@早坂愛"
bbbb08003,"@早坂愛"
bbbitc00,"@早坂愛"
bbiiggppiigg,"@早坂愛"
bbkt,"@早坂愛"
bbo6uis122,"@早坂愛"
bbroywang,"@早坂愛"
bcjohn,"@早坂愛"
bdgirl,"@早坂愛"
bearel,"@早坂愛"
bearsteak,"@早坂愛"
beartank,"@喜多郁代"
beauman002,"@早坂愛"
bebebobo,"@喜多郁代"
beepig,"@早坂愛"
beerfish,"@早坂愛"
befaithful,"@早坂愛"
bego487,"@早坂愛"
belatrixluci,"@早坂愛"
believe80421,"@喜多郁代"
bellea70068,"@喜多郁代"
ben010302,"@早坂愛"
benben0112,"@喜多郁代"
benny5311,"@喜多郁代"
benny614017,"@早坂愛"
bennyhuang97,"@早坂愛"
benqdcx725,"@喜多郁代"
benson820827,"@早坂愛"
benson820827,"@早坂愛"
besttes,"@喜多郁代"
betty71820,"@早坂愛"
bettyt8163,"@喜多郁代"
bfsbfs,"@早坂愛"
bgrich,"@早坂愛"
bh2142,"@喜多郁代"
bh2142,"@喜多郁代"
bheegrl,"@早坂愛"
biCubic,"@喜多郁代"
bigbeer,"@喜多郁代"
bignosemelo,"@喜多郁代"
bigtsang,"@早坂愛"
bigwate,"@喜多郁代"
billy32816,"@喜多郁代"
billyjon,"@早坂愛"
billyqaz,"@早坂愛"
bin2wing,"@喜多郁代"
biosphere,"@早坂愛"
birdey,"@早坂愛"
bitterq00,"@喜多郁代"
biyombo,"@早坂愛"
bkai377,"@喜多郁代"
bkrn427,"@喜多郁代"
black80731,"@喜多郁代"
blackinpink,"@早坂愛"
blacktea5566,"@早坂愛"
blackteasart,"@早坂愛"
blacwing,"@喜多郁代"
bladesinger,"@喜多郁代"
blargelp,"@早坂愛"
blazemore,"@喜多郁代"
bleach047,"@喜多郁代"
bleach5438,"@喜多郁代"
bleachman,"@喜多郁代"
bleem,"@早坂愛"
blowupgod,"@喜多郁代"
blue155305,"@喜多郁代"
blueballer,"@早坂愛"
bluedolphin,"@喜多郁代"
bluefire,"@早坂愛"
bluemine,"@早坂愛"
bluemoon0601,"@早坂愛"
bluenimx,"@早坂愛"
bluesky0301,"@早坂愛"
bluoxy,"@喜多郁代"
bmw20075112,"@喜多郁代"
bnm89164,"@早坂愛"
bnwang0216,"@喜多郁代"
bob2096tw,"@喜多郁代"
bob42022,"@喜多郁代"
bob842351,"@早坂愛"
bobblebro,"@早坂愛"
boja0204,"@喜多郁代"
bonafide39,"@早坂愛"
bongz331,"@早坂愛"
bonniecatliu,"@喜多郁代"
booker2681,"@喜多郁代"
bookgirl,"@喜多郁代"
boooosm,"@早坂愛"
boostkoala,"@早坂愛"
bored60606,"@喜多郁代"
bostafu,"@喜多郁代"
bower1025,"@早坂愛"
bps05,"@喜多郁代"
brain775252,"@喜多郁代"
brainpowered,"@早坂愛"
brasscity,"@喜多郁代"
braveheart9,"@早坂愛"
bravo180,"@喜多郁代"
breadf,"@喜多郁代"
breadking,"@早坂愛"
brian21201,"@喜多郁代"
brian9b3b,"@喜多郁代"
brianwu0716,"@喜多郁代"
brmd9379,"@喜多郁代"
brmd9379,"@喜多郁代"
brookwest,"@早坂愛"
brotherfat,"@早坂愛"
bruce2725,"@早坂愛"
bryan3ya,"@早坂愛"
bslcamel0508,"@早坂愛"
btplate,"@喜多郁代"
buffalooo,"@早坂愛"
buger1225,"@喜多郁代"
bulc381,"@喜多郁代"
buok,"@早坂愛"
burger77921,"@喜多郁代"
burstsoul,"@早坂愛"
bwilly2544,"@喜多郁代"
byebyebyebye,"@早坂愛"
byron0955,"@早坂愛"
c000000000,"@喜多郁代"
c2852369gv,"@早坂愛"
c32867689,"@喜多郁代"
c38515103,"@早坂愛"
c610457,"@喜多郁代"
c620102,"@早坂愛"
c8607,"@早坂愛"
c8763gginind,"@早坂愛"
c880529,"@早坂愛"
c8c8520,"@喜多郁代"
cacuse,"@喜多郁代"
cadocadog,"@喜多郁代"
cadrett34,"@喜多郁代"
cains70,"@喜多郁代"
camry2338y,"@早坂愛"
can05025,"@早坂愛"
cancel,"@喜多郁代"
canhong,"@喜多郁代"
canonrock99,"@喜多郁代"
cardsfan,"@早坂愛"
carky,"@喜多郁代"
carlow,"@早坂愛"
carson1997,"@喜多郁代"
carwho,"@喜多郁代"
caryamdtom,"@早坂愛"
casio0406,"@喜多郁代"
cat5672,"@早坂愛"
cat771126,"@喜多郁代"
catslave11,"@喜多郁代"
cattie0709,"@喜多郁代"
caution85080,"@早坂愛"
cavacryman,"@早坂愛"
cbhker,"@喜多郁代"
cbr954r,"@喜多郁代"
cc431015,"@早坂愛"
ccccccccccc,"@喜多郁代"
cccccyoyo,"@喜多郁代"
cccman,"@喜多郁代"
ccer,"@喜多郁代"
cch0416,"@喜多郁代"
cch121,"@喜多郁代"
cchahaz,"@喜多郁代"
cchank08641,"@早坂愛"
ccococo,"@喜多郁代"
ccps9550217,"@喜多郁代"
ccs100203,"@早坂愛"
ccupieces,"@喜多郁代"
ccwu59,"@早坂愛"
ccy102,"@早坂愛"
cczz0505,"@早坂愛"
ceier1,"@喜多郁代"
celephone,"@早坂愛"
cemin,"@早坂愛"
centriole,"@早坂愛"
ces83877,"@早坂愛"
cfchee,"@喜多郁代"
ch410773,"@早坂愛"
chain971,"@喜多郁代"
chainer,"@早坂愛"
chairk,"@喜多郁代"
championsun,"@早坂愛"
chandler0831,"@早坂愛"
changyoting,"@早坂愛"
chanlord,"@早坂愛"
charles716,"@喜多郁代"
charles716,"@喜多郁代"
charlie0516,"@早坂愛"
charlie1667,"@早坂愛"
charlie5652,"@喜多郁代"
charlieliao,"@早坂愛"
chaselove610,"@喜多郁代"
chaydee,"@喜多郁代"
chctonagisa,"@早坂愛"
cheakmo,"@早坂愛"
cheao712,"@早坂愛"
check3210,"@喜多郁代"
cheeselab,"@早坂愛"
chen00,"@早坂愛"
chen0625,"@早坂愛"
chen10041,"@早坂愛"
chen2021,"@喜多郁代"
chen31201,"@喜多郁代"
chen810385,"@早坂愛"
chenbob,"@喜多郁代"
chenteddy,"@早坂愛"
chewie,"@早坂愛"
chiaki0611,"@早坂愛"
chiangtina,"@早坂愛"
chiayu5566,"@早坂愛"
chickenham,"@早坂愛"
chickensoupg,"@早坂愛"
chidori728,"@喜多郁代"
chieeuuuu,"@早坂愛"
chienhank,"@早坂愛"
chih2loveu,"@早坂愛"
chihh96338,"@喜多郁代"
chiho22,"@早坂愛"
chiki428,"@早坂愛"
chillp,"@喜多郁代"
chinchen,"@喜多郁代"
ching0812p,"@早坂愛"
chinobe,"@喜多郁代"
chinyuanlin,"@早坂愛"
chipan,"@早坂愛"
chipnndale,"@早坂愛"
chisakura,"@喜多郁代"
chith,"@早坂愛"
chiuchiuz,"@喜多郁代"
chiuoerice04,"@早坂愛"
chjghjg9487,"@喜多郁代"
choco7,"@早坂愛"
chocoYummy,"@早坂愛"
chocobell,"@早坂愛"
chondrites,"@喜多郁代"
chong86,"@早坂愛"
chons2332,"@喜多郁代"
chopper594,"@喜多郁代"
chrcho,"@喜多郁代"
chris0403,"@早坂愛"
chrisjeremy,"@早坂愛"
chriss1997,"@早坂愛"
chualex66,"@喜多郁代"
chuanEgg,"@早坂愛"
chubye,"@喜多郁代"
chubye,"@喜多郁代"
chuchihpin,"@喜多郁代"
chudo,"@喜多郁代"
chugliang,"@喜多郁代"
chun47,"@早坂愛"
chunboy0812,"@早坂愛"
chung525,"@早坂愛"
chunga,"@喜多郁代"
chungfxx,"@早坂愛"
chungyulin,"@喜多郁代"
chunkal0528,"@喜多郁代"
cian0923,"@早坂愛"
cikanyuohai,"@早坂愛"
cinko,"@喜多郁代"
ciobe,"@喜多郁代"
cipct,"@喜多郁代"
circle1126,"@早坂愛"
circusconan,"@喜多郁代"
cities516,"@喜多郁代"
civilian,"@早坂愛"
cj8470043,"@喜多郁代"
cj98654d,"@喜多郁代"
cjy1201,"@早坂愛"
ck1000567,"@早坂愛"
ck25998377,"@喜多郁代"
ck30765,"@喜多郁代"
ckb404no4,"@喜多郁代"
ckccccc8,"@早坂愛"
ckhi4672,"@早坂愛"
ckloser1st,"@早坂愛"
cklovework,"@早坂愛"
cknavel,"@早坂愛"
cksuck,"@早坂愛"
cky811320,"@早坂愛"
cleverjung,"@早坂愛"
clexangel,"@喜多郁代"
cliff02468,"@喜多郁代"
climbingfish,"@喜多郁代"
clothi58707,"@喜多郁代"
clothk60207,"@喜多郁代"
cloudershao,"@喜多郁代"
cloudwolf,"@喜多郁代"
clovewind,"@喜多郁代"
clsied,"@早坂愛"
cmark0710,"@早坂愛"
cmcmcmcm2,"@喜多郁代"
cmr990zd,"@喜多郁代"
cmy560610,"@早坂愛"
cochon23,"@早坂愛"
coco5487,"@喜多郁代"
cocoel34,"@早坂愛"
cocytus39,"@早坂愛"
coffeesleep,"@喜多郁代"
coky03260325,"@早坂愛"
coldcolour,"@早坂愛"
colddrink031,"@喜多郁代"
coldmoon9893,"@喜多郁代"
coldperson,"@早坂愛"
coldwind,"@喜多郁代"
colur,"@早坂愛"
com8077919,"@早坂愛"
comecomebro,"@早坂愛"
comettsanyue,"@早坂愛"
comicat,"@早坂愛"
cominlin,"@喜多郁代"
commenbear,"@早坂愛"
comt0928,"@早坂愛"
cool2548,"@喜多郁代"
cool8418,"@喜多郁代"
cool9203,"@早坂愛"
cooldye,"@早坂愛"
cor1os,"@早坂愛"
cora01236547,"@早坂愛"
cornsoup,"@早坂愛"
cotcotcot168,"@喜多郁代"
cpbl37,"@早坂愛"
cpcpxoxo,"@早坂愛"
cph0218,"@早坂愛"
cpmp0122,"@早坂愛"
cptsai,"@喜多郁代"
crab5566,"@喜多郁代"
crayon56,"@早坂愛"
crayon56,"@早坂愛"
crazydai,"@早坂愛"
crazykid,"@喜多郁代"
crazylin924,"@喜多郁代"
create8,"@早坂愛"
cres,"@早坂愛"
crorangeazy,"@早坂愛"
crossworld,"@喜多郁代"
crovax,"@喜多郁代"
crv921,"@早坂愛"
cry102836,"@早坂愛"
crystal094,"@早坂愛"
crystalxarc,"@早坂愛"
cs155381,"@早坂愛"
cs15968270,"@早坂愛"
cs2208209,"@喜多郁代"
cschuan,"@早坂愛"
cshs991274,"@喜多郁代"
cstease64,"@早坂愛"
csvt32745,"@喜多郁代"
ctc2324,"@喜多郁代"
ctfy3h,"@早坂愛"
ctimtaml,"@早坂愛"
cupG,"@喜多郁代"
curance,"@喜多郁代"
curlymonkey,"@早坂愛"
cutemonmon,"@早坂愛"
cv47pk21,"@早坂愛"
cvxzsl,"@喜多郁代"
cweiyu5859,"@早坂愛"
cwg50805,"@喜多郁代"
cwjchris,"@喜多郁代"
cwmebt,"@喜多郁代"
cx739123,"@早坂愛"
cxz9001,"@喜多郁代"
cy0520,"@早坂愛"
cycuneco,"@喜多郁代"
cycy1127,"@早坂愛"
cycy771489,"@喜多郁代"
cys0941,"@喜多郁代"
cyttaro,"@喜多郁代"
cyy11951155,"@早坂愛"
cyyen860204,"@早坂愛"
d06,"@早坂愛"
d0922030,"@早坂愛"
d23451367,"@早坂愛"
d455160,"@喜多郁代"
d46902712,"@早坂愛"
d54951044,"@早坂愛"
d6102003,"@早坂愛"
d880855,"@早坂愛"
d910103,"@喜多郁代"
d970306,"@早坂愛"
dOwObOrz,"@早坂愛"
dacn2017,"@喜多郁代"
dada14789,"@早坂愛"
dafeichai,"@喜多郁代"
daitailang,"@早坂愛"
dameontree,"@喜多郁代"
damien12343,"@早坂愛"
dan0818,"@早坂愛"
daniel0527,"@早坂愛"
daniel1911,"@喜多郁代"
daniel50506,"@早坂愛"
daniel6374,"@喜多郁代"
daniel70730,"@早坂愛"
daniel840610,"@喜多郁代"
danielcow,"@早坂愛"
danielyang39,"@早坂愛"
daniesl2208,"@早坂愛"
danile20128,"@早坂愛"
dann755243,"@喜多郁代"
danniehank,"@喜多郁代"
danny110438,"@喜多郁代"
danny180cm,"@喜多郁代"
danny2915,"@喜多郁代"
danny51826,"@喜多郁代"
danny6218,"@早坂愛"
danny8265,"@早坂愛"
dannyko,"@早坂愛"
dannyminami,"@喜多郁代"
dannyyyyy250,"@早坂愛"
dargen78,"@喜多郁代"
darkducks,"@早坂愛"
darkestnight,"@喜多郁代"
darkfiredark,"@早坂愛"
darkl,"@喜多郁代"
darkmnmn5566,"@早坂愛"
darkmore,"@喜多郁代"
darksky,"@喜多郁代"
darkstorm,"@早坂愛"
darkz,"@早坂愛"
darren101,"@喜多郁代"
darren19940,"@早坂愛"
darren2586,"@早坂愛"
darren31112,"@早坂愛"
david0129,"@喜多郁代"
david0426,"@早坂愛"
david28941,"@早坂愛"
david368368,"@喜多郁代"
david885577,"@早坂愛"
davidex,"@早坂愛"
davidliudmc,"@早坂愛"
davie71722,"@喜多郁代"
davy50707,"@早坂愛"
dayan0606,"@早坂愛"
daydream314,"@早坂愛"
daydream50,"@早坂愛"
dbpdbp,"@喜多郁代"
dddc,"@喜多郁代"
ddt21,"@喜多郁代"
deadlyearth,"@喜多郁代"
deadpool4231,"@早坂愛"
dean3154,"@喜多郁代"
dearjohn,"@喜多郁代"
death76519,"@早坂愛"
deatheo,"@喜多郁代"
deathy,"@早坂愛"
deeork,"@早坂愛"
defenser,"@早坂愛"
deflife,"@喜多郁代"
deltalullaby,"@早坂愛"
demeteryeh,"@早坂愛"
demoXD,"@早坂愛"
demon990280,"@早坂愛"
demos,"@早坂愛"
demos,"@早坂愛"
den123den123,"@喜多郁代"
dennis0920,"@早坂愛"
dennis2030,"@早坂愛"
denny1151,"@早坂愛"
denny8437,"@喜多郁代"
dennyguo112,"@喜多郁代"
dennyhgtfrd,"@喜多郁代"
derek625,"@早坂愛"
destiny1409,"@早坂愛"
destiny15935,"@喜多郁代"
destiny7106,"@早坂愛"
destiny71927,"@喜多郁代"
destinyx2,"@早坂愛"
devil990280,"@早坂愛"
devilkool,"@早坂愛 我是為了輸掉的志摩凜投的"
devilshadow,"@喜多郁代"
dfgrt,"@喜多郁代"
dfrt2017,"@早坂愛"
dft16uy9,"@喜多郁代"
dg0704,"@喜多郁代"
dgchen,"@喜多郁代"
diablo0227,"@喜多郁代"
diabolica,"@早坂愛"
diabolica,"@早坂愛"
diabolica,"@早坂愛"
diabolica,"@早坂愛"
diabolica,"@早坂愛"
diabolica,"@早坂愛"
diabolica,"@早坂愛"
diabolica,"@早坂愛"
diabolica,"@早坂愛"
diamond0326,"@早坂愛"
dibblo,"@喜多郁代"
dic11249,"@喜多郁代"
dick0110374,"@早坂愛"
dickens31,"@喜多郁代"
dickkdickk2,"@喜多郁代"
didesaphan,"@早坂愛"
didhg,"@喜多郁代"
diding,"@早坂愛"
dieandalldie,"@早坂愛"
dieddogs,"@喜多郁代"
diefish5566,"@早坂愛"
dielivefish,"@早坂愛"
diemomfish56,"@早坂愛"
dinac,"@早坂愛"
dino4cat,"@早坂愛"
dinoeleven,"@喜多郁代"
dinosaur888,"@早坂愛"
dinosaurjr,"@早坂愛"
dion5558,"@喜多郁代"
disinsightme,"@喜多郁代"
djboy,"@喜多郁代"
dk5500,"@早坂愛"
dnjh960102,"@早坂愛"
dnkofe,"@早坂愛"
dnol,"@早坂愛"
docx,"@喜多郁代"
dodo29763,"@喜多郁代"
dododododora,"@喜多郁代"
doebow,"@喜多郁代"
doge1e1,"@喜多郁代"
dogiJ,"@喜多郁代"
doklbaj,"@喜多郁代"
dola1210,"@早坂愛"
doline,"@喜多郁代"
dominik1996,"@早坂愛"
domon0525,"@喜多郁代"
dongdong0405,"@喜多郁代"
donkilu,"@喜多郁代"
doodle602,"@早坂愛"
doomhammer,"@早坂愛"
doomsday0728,"@早坂愛"
dopeegoo,"@喜多郁代"
doradmon,"@喜多郁代"
doraemon8709,"@早坂愛"
dorbeetle,"@早坂愛"
dorbi33fish,"@早坂愛"
doublekill,"@早坂愛"
dowmloader,"@喜多郁代"
dquuuuu,"@早坂愛"
dragon001,"@早坂愛"
dragon00222,"@早坂愛"
dragon70702,"@喜多郁代"
dragon803,"@喜多郁代"
dragon99423,"@早坂愛"
draymond,"@早坂愛"
drazil,"@早坂愛"
dreamaker01,"@早坂愛"
dreamdds,"@早坂愛"
dreaminon,"@喜多郁代"
dripcoffee,"@喜多郁代"
dripping,"@早坂愛"
drm343,"@早坂愛"
drmike,"@早坂愛"
drnh3883,"@早坂愛"
droptear,"@早坂愛"
druid12345,"@早坂愛"
druu,"@喜多郁代"
dryman,"@喜多郁代"
dslm,"@早坂愛"
duckduck0601,"@早坂愛"
duckie1025,"@早坂愛"
dudrino,"@喜多郁代"
duduman,"@早坂愛"
duh880406,"@早坂愛"
dull70328,"@喜多郁代"
duncan830211,"@喜多郁代"
duocarot,"@早坂愛"
duomax0083,"@喜多郁代"
durantjosh,"@喜多郁代"
dustin20309,"@喜多郁代"
dustmoon,"@早坂愛"
dva0601,"@早坂愛"
dw1293,"@喜多郁代"
dydark,"@喜多郁代"
dzshdavid,"@喜多郁代"
e0204558,"@喜多郁代"
e1232580,"@早坂愛"
e2c4o6,"@喜多郁代"
e3633577,"@喜多郁代"
e5a1t20,"@喜多郁代"
e920528,"@早坂愛"
e950797933,"@喜多郁代"
eason900321,"@早坂愛"
eason91007,"@喜多郁代"
easy12388,"@喜多郁代"
easyfish,"@早坂愛"
easyfun9213,"@早坂愛"
eawoohoo,"@喜多郁代"
eazywalker,"@喜多郁代"
eceeff,"@早坂愛"
echojames,"@喜多郁代"
ecknair,"@喜多郁代"
eddie0325,"@喜多郁代"
eddie84567,"@早坂愛"
eddieyao,"@喜多郁代"
eddy12357,"@早坂愛"
eddytige,"@早坂愛"
edieedie,"@喜多郁代"
edward3635e,"@喜多郁代"
edwin0x00,"@早坂愛"
eeyore,"@早坂愛"
efkfkp,"@早坂愛"
efkfkp,"@早坂愛"
efzfzn,"@喜多郁代"
egan511,"@喜多郁代"
egghard29,"@早坂愛"
egoistdew,"@早坂愛"
ehbnsqaa,"@早坂愛"
ehtylb,"@喜多郁代"
eineFrage,"@早坂愛"
eisenccw,"@早坂愛"
ejiu06,"@早坂愛"
ekuyo5566,"@喜多郁代"
eldwin,"@早坂愛"
elephants903,"@喜多郁代"
elpsycongry,"@早坂愛"
eltonNi,"@早坂愛"
elvis30337,"@早坂愛"
emily0606abc,"@早坂愛"
emily1219,"@喜多郁代"
emiya5352,"@早坂愛"
emptie,"@喜多郁代"
emptyz89513,"@喜多郁代"
enbh5412,"@喜多郁代"
enderboy7652,"@喜多郁代"
enders346,"@早坂愛"
engliat,"@喜多郁代"
envyplant,"@早坂愛"
eqwer,"@早坂愛"
ereal3478,"@喜多郁代"
ergie,"@早坂愛"
eric1026,"@早坂愛"
ericayou,"@喜多郁代"
ericf129,"@喜多郁代"
erichen,"@喜多郁代"
erichunter02,"@早坂愛"
erickhou,"@喜多郁代"
ericsyyang,"@早坂愛"
erictsai1999,"@喜多郁代"
ericyukai,"@喜多郁代"
erimow,"@早坂愛"
erinsilver,"@喜多郁代"
eriri0508,"@早坂愛"
erogod,"@早坂愛"
eros1104,"@早坂愛"
erowii,"@早坂愛"
ers545,"@早坂愛"
esc0721,"@喜多郁代"
eshinny,"@喜多郁代"
espk127,"@早坂愛"
esqqqliii,"@早坂愛"
estazul,"@早坂愛"
et22639643,"@早坂愛"
eternal5566,"@喜多郁代"
ethan11029,"@喜多郁代"
ethan1988,"@早坂愛"
etim51893,"@早坂愛"
etung,"@早坂愛"
etyen1,"@喜多郁代"
eupho,"@早坂愛"
eusdenlin,"@早坂愛"
eusebius,"@早坂愛"
eva04,"@早坂愛"
eva577663,"@早坂愛"
eva7493,"@早坂愛"
evalinf91,"@早坂愛"
evan000000,"@早坂愛"
evansu24,"@喜多郁代"
evilscholar,"@喜多郁代"
evolution862,"@早坂愛"
exbb547cyt,"@早坂愛"
excia,"@喜多郁代"
explosion777,"@早坂愛"
eycpdp4872,"@喜多郁代 每天都對我wink"
ezmain,"@喜多郁代"
ezpop,"@喜多郁代"
f0921048125,"@喜多郁代"
f130025897,"@喜多郁代"
f1426871,"@早坂愛"
f192,"@早坂愛"
f31475758,"@早坂愛"
f92174,"@早坂愛"
facowu,"@喜多郁代"
fairymomo,"@喜多郁代"
falcon11,"@早坂愛"
famoofir55,"@喜多郁代"
fanasi,"@喜多郁代"
fankay,"@早坂愛"
fantaclue,"@早坂愛"
fantasychese,"@早坂愛"
fantasychese,"@早坂愛"
faracross,"@早坂愛"
fash5896,"@早坂愛"
fashing,"@早坂愛"
fastlight08,"@喜多郁代"
fat90511,"@早坂愛"
fatearon123,"@早坂愛"
fatestar,"@早坂愛"
fatfatss,"@喜多郁代"
fatychatm,"@早坂愛"
favorite,"@早坂愛"
fcbih350,"@喜多郁代"
fcc63520,"@早坂愛"
fd12340,"@喜多郁代"
fdkevin,"@喜多郁代"
feather3,"@喜多郁代"
febonach,"@早坂愛"
feeling5322,"@早坂愛"
feftfsz5,"@喜多郁代"
feidon,"@喜多郁代"
feiunlin,"@早坂愛"
felaray,"@早坂愛"
felix1031,"@早坂愛"
fengcloud,"@喜多郁代"
fenix220,"@喜多郁代"
fermhan5566,"@早坂愛"
fevergrape,"@喜多郁代"
fevor3331,"@早坂愛"
fewmaster,"@早坂愛"
fgf2927,"@早坂愛"
fghrty,"@喜多郁代"
fh316,"@早坂愛"
fhjjyyrrs10,"@早坂愛"
fierceking,"@早坂愛"
fight40520,"@喜多郁代"
filesm2,"@喜多郁代"
final9711,"@喜多郁代"
finalix,"@早坂愛"
finalpage,"@早坂愛"
fir515,"@早坂愛"
fire0520,"@早坂愛"
fireheart988,"@早坂愛"
firewater899,"@喜多郁代"
firewolf1024,"@喜多郁代"
firlij,"@早坂愛"
firstchoice,"@喜多郁代"
fish10606,"@早坂愛"
fish551959,"@早坂愛"
fish7333,"@喜多郁代"
fishenos,"@早坂愛"
fjhsu,"@早坂愛"
fkukg52155,"@早坂愛"
flag698,"@早坂愛"
flame2yayaya,"@早坂愛"
flame5566,"@早坂愛"
flex10405,"@早坂愛"
floatfaith,"@早坂愛"
flora19flora,"@早坂愛"
flowerfarmer,"@早坂愛"
flushwing,"@喜多郁代"
fly79117,"@早坂愛"
flycat638,"@喜多郁代"
flyhuman,"@早坂愛"
flyingturtle,"@早坂愛"
flyingzz,"@早坂愛"
fmatt,"@早坂愛"
fmp1234,"@早坂愛"
fmtpeter,"@喜多郁代"
fnwiyili,"@早坂愛"
fog0x545,"@喜多郁代"
foli365,"@喜多郁代"
fonpie,"@早坂愛"
fool5566,"@早坂愛"
foreverwings,"@早坂愛"
forfunkuodon,"@喜多郁代"
forsenbaj,"@早坂愛"
four4j,"@喜多郁代"
fouxlang,"@早坂愛"
fox6338,"@早坂愛"
foxsound,"@喜多郁代"
foxtrot004,"@早坂愛"
fr658384,"@喜多郁代"
frae,"@早坂愛"
francis313,"@喜多郁代"
franco230345,"@喜多郁代"
frank00427,"@早坂愛"
frank860328,"@早坂愛"
frank8866,"@喜多郁代"
frankho9,"@早坂愛"
fred240753,"@早坂愛"
free1allen,"@早坂愛"
freedom165,"@早坂愛"
freedowgs,"@喜多郁代"
freeway0112,"@早坂愛"
freezedragon,"@早坂愛"
freezeshot,"@早坂愛"
freezesword,"@喜多郁代"
frian,"@早坂愛"
friendA,"@喜多郁代"
friendeasy,"@早坂愛"
friesman1270,"@早坂愛"
frisbee747,"@喜多郁代"
frog20010401,"@喜多郁代"
frogwally,"@喜多郁代"
frozensummer,"@喜多郁代"
fruitbushi,"@喜多郁代"
fu1vu03,"@早坂愛"
fu3jo6,"@早坂愛"
fudon752,"@早坂愛"
fullcow0316,"@早坂愛"
funami087,"@早坂愛"
funghi4869,"@喜多郁代"
funk6478,"@早坂愛"
funnycrap,"@早坂愛"
funtime123,"@早坂愛"
furjai,"@喜多郁代"
furzou,"@喜多郁代"
future1,"@早坂愛"
future39,"@喜多郁代"
fuyuo7963,"@喜多郁代"
fxp20337,"@喜多郁代"
fyer,"@早坂愛"
fyuhu56,"@早坂愛"
g016487,"@喜多郁代"
g01921v08,"@早坂愛"
g1718525c,"@早坂愛"
g5637128,"@早坂愛"
g895723100,"@早坂愛"
ga021396,"@早坂愛"
ga0391,"@早坂愛"
ga534634,"@喜多郁代"
ga822961,"@早坂愛"
gaaaaper,"@早坂愛"
gaboz,"@早坂愛"
gaexp811229,"@喜多郁代"
gaga19900329,"@早坂愛"
gamania014,"@喜多郁代"
game147,"@早坂愛"
gameflier,"@喜多郁代"
gargoyles,"@早坂愛"
gart12328,"@早坂愛"
gary1996,"@喜多郁代"
gary2014,"@喜多郁代"
gary2471,"@早坂愛"
garyeyes,"@早坂愛"
garyihu,"@早坂愛"
gasdewa,"@喜多郁代"
gashtony0919,"@喜多郁代"
gasster,"@早坂愛"
gate210,"@早坂愛"
gatx105kj,"@喜多郁代"
gaz999,"@早坂愛"
gbls9527341,"@早坂愛"
gcobc19622,"@早坂愛"
gcobc36557,"@早坂愛"
gcobt03662,"@早坂愛"
geenx2005,"@早坂愛"
geminitea,"@早坂愛"
gemm,"@早坂愛"
geneaven,"@早坂愛"
general0627,"@早坂愛"
genesys570,"@早坂愛"
genie920,"@喜多郁代"
geniuswayne,"@喜多郁代"
genokiller,"@早坂愛"
gentsmall,"@早坂愛"
gfabbh,"@早坂愛"
gfsjio,"@早坂愛"
gg15ffgg15ff,"@喜多郁代"
gg4mida,"@早坂愛"
ggchioinder,"@喜多郁代"
gggg5566,"@早坂愛"
gggiantguy,"@喜多郁代"
ggxx2571648,"@早坂愛"
ggyy6083,"@早坂愛"
ghsty,"@早坂愛"
giddens0825,"@早坂愛"
gifdvdoesa,"@喜多郁代"
gigial,"@早坂愛"
gilme73134,"@喜多郁代"
gincod,"@早坂愛"
ging1995,"@喜多郁代"
gino9955,"@早坂愛"
gintamancf,"@早坂愛 海夢實質亞軍"
ginx03,"@早坂愛"
gkk1908,"@早坂愛"
glayian,"@早坂愛"
gloriatin,"@早坂愛"
gm3252,"@早坂愛"
gn005066,"@喜多郁代"
gn01252667,"@喜多郁代"
gn01709840,"@喜多郁代"
gn01988902,"@喜多郁代"
gn03052560,"@早坂愛"
gn159263,"@早坂愛"
gn3020601,"@喜多郁代"
gn9306679,"@喜多郁代"
gnech73579,"@早坂愛"
gnimuy,"@喜多郁代"
gnnke2253,"@喜多郁代"
gno01940519,"@早坂愛"
godartifact,"@喜多郁代"
godlike612,"@喜多郁代"
godofhair,"@喜多郁代"
goggoro,"@喜多郁代"
gogolct,"@喜多郁代"
goiopo,"@早坂愛"
golddavid,"@喜多郁代"
goldfun,"@早坂愛"
gomn,"@早坂愛"
good5626,"@喜多郁代"
goodharry,"@喜多郁代"
goodjet,"@早坂愛"
goodreamaker,"@早坂愛"
goolgo,"@早坂愛"
goooddtw,"@早坂愛"
gorillasc,"@早坂愛"
goscowalker,"@早坂愛"
goseienn,"@喜多郁代"
got6108,"@喜多郁代"
gotofumihisa,"@早坂愛"
gouran,"@喜多郁代"
gpsing00,"@喜多郁代"
granturismo,"@早坂愛"
granturismo,"@早坂愛"
graywater,"@喜多郁代"
greedhell,"@早坂愛"
greendolphin,"@喜多郁代"
greenduck02,"@喜多郁代"
greenick,"@喜多郁代"
greetshota,"@喜多郁代"
griffin0914,"@喜多郁代"
groundtall,"@喜多郁代"
grsth47295,"@喜多郁代"
grtfor,"@喜多郁代"
gs8613789,"@喜多郁代"
gscloud,"@喜多郁代"
gsmfrsf,"@喜多郁代"
gtjs45,"@喜多郁代"
gtr22101361,"@早坂愛"
gtyuse,"@喜多郁代"
guan00021,"@早坂愛"
guava1010222,"@喜多郁代"
guavaman,"@喜多郁代"
guest00021,"@喜多郁代"
guest321,"@喜多郁代"
gugucaca,"@早坂愛"
gulong,"@喜多郁代"
gummybear,"@早坂愛"
gundam0079,"@早坂愛"
gundam953109,"@早坂愛"
gundriver,"@早坂愛"
gungunit,"@早坂愛"
guogu,"@喜多郁代"
guolong,"@喜多郁代"
guzai,"@早坂愛"
gwawa0617,"@早坂愛"
gwendless,"@早坂愛"
gwofeng,"@喜多郁代"
gxu66,"@喜多郁代"
gy24cfj5,"@喜多郁代"
gymying,"@早坂愛"
gzzzneww,"@早坂愛"
h0103661,"@喜多郁代"
h034826567,"@早坂愛"
h11103,"@早坂愛"
h14315324032,"@喜多郁代"
h147951,"@早坂愛"
h198511163,"@喜多郁代"
h19910112,"@早坂愛"
h20033236,"@早坂愛"
h511105,"@喜多郁代"
h541368,"@早坂愛"
h840901,"@早坂愛"
h886927,"@早坂愛"
h94u4tp6,"@早坂愛"
haatopig,"@早坂愛"
habbit33,"@早坂愛"
hachamaa,"@喜多郁代"
hahagin,"@喜多郁代"
hahaha95159,"@早坂愛"
hahn,"@早坂愛"
halchiguin,"@喜多郁代"
halcyacker,"@早坂愛"
halcyonsings,"@喜多郁代"
hami831904,"@喜多郁代"
han726,"@喜多郁代"
hana0203,"@喜多郁代"
hanbingfon,"@早坂愛"
hancao0816,"@早坂愛"
handofn0xus,"@喜多郁代"
handtc,"@早坂愛"
handyou,"@喜多郁代"
hank25790803,"@喜多郁代"
hank32036,"@早坂愛"
hank860221,"@喜多郁代"
hankandmark,"@早坂愛"
hankwu,"@早坂愛"
hanselook,"@早坂愛"
hansvonboltz,"@喜多郁代"
hanwei1598,"@喜多郁代"
hao1992,"@早坂愛"
hao4620,"@喜多郁代"
haobaokamura,"@早坂愛"
haodaidai,"@早坂愛"
happy0758375,"@早坂愛"
happy2786596,"@早坂愛"
happy8649,"@早坂愛"
happygnar,"@喜多郁代"
happyptter,"@早坂愛"
hardenfor3,"@喜多郁代"
hardy8110,"@早坂愛"
harpy111,"@喜多郁代"
harryxie03,"@早坂愛"
hartc,"@喜多郁代"
harunoneko,"@喜多郁代"
hary5155,"@喜多郁代"
hase850522,"@喜多郁代"
haseyo25,"@喜多郁代"
hassmetou,"@喜多郁代"
hatty1376,"@早坂愛"
hayasakamywf,"@早坂愛"
hayate1143,"@早坂愛"
hazysky5986,"@喜多郁代"
hbl420ii,"@早坂愛"
hcastray,"@喜多郁代"
hcf0612,"@喜多郁代"
hcw10469,"@喜多郁代"
hdlihnk39,"@喜多郁代"
he00125965,"@喜多郁代"
he00504616,"@早坂愛"
heavygauge,"@早坂愛"
hedgehogxhi,"@喜多郁代"
heero0907,"@早坂愛"
heerowei0802,"@早坂愛"
heinse,"@喜多郁代"
hello44495,"@喜多郁代"
helloLOLI,"@喜多郁代"
henrry2013,"@早坂愛"
henrry2220,"@早坂愛"
henry21005,"@喜多郁代"
henry30101,"@早坂愛"
henryhao,"@喜多郁代"
henryokc,"@早坂愛"
hent,"@喜多郁代"
hentaisenshi,"@喜多郁代"
herbleng,"@喜多郁代"
herman31214,"@喜多郁代"
hermionex,"@喜多郁代"
herz112358,"@早坂愛"
heyh,"@喜多郁代"
heyhey18,"@早坂愛"
heynui,"@早坂愛"
hfi820511,"@早坂愛"
hh123yaya,"@早坂愛"
hh123yaya,"@早坂愛"
hhhuichun,"@早坂愛"
hhtj,"@喜多郁代"
hi5705,"@早坂愛"
hibaru710218,"@喜多郁代"
hibikemonaka,"@喜多郁代"
hibiki,"@喜多郁代"
hibiki39,"@喜多郁代"
high555,"@早坂愛"
highjackpapa,"@喜多郁代"
hihi49853,"@早坂愛"
hijirigogyo,"@喜多郁代"
hijodedios36,"@喜多郁代"
hikousen329,"@早坂愛"
hillku,"@早坂愛"
himekami,"@早坂愛"
hin88188,"@早坂愛"
hinajian,"@早坂愛"
hinanaitenco,"@喜多郁代"
hinet1101,"@喜多郁代"
hip184184,"@早坂愛"
hiroshi0313,"@早坂愛"
hitomi13,"@喜多郁代"
hitomi47,"@喜多郁代"
hitoribokki,"@喜多郁代"
hiyori9977,"@早坂愛"
hizuki,"@喜多郁代"
hj258369,"@喜多郁代"
hlsu3a82k7,"@喜多郁代"
hmcedamon,"@早坂愛"
hmst333,"@喜多郁代"
hocatt77,"@早坂愛"
hogu134,"@喜多郁代"
holan40,"@喜多郁代"
hold5566,"@喜多郁代"
holden0609,"@喜多郁代"
holiybo,"@喜多郁代"
hollande,"@早坂愛"
hololive45P,"@喜多郁代"
holypiggy,"@喜多郁代"
holysea,"@早坂愛"
home1188933,"@喜多郁代"
homephone417,"@早坂愛"
hondurasG,"@喜多郁代"
honeybears,"@喜多郁代"
hooyagaga,"@早坂愛"
hoshk,"@早坂愛"
hot655219,"@早坂愛"
hotbread,"@喜多郁代"
houng12134,"@早坂愛"
houngqi,"@早坂愛"
how018,"@早坂愛"
how90825,"@早坂愛"
howard1997,"@喜多郁代"
howard24,"@早坂愛"
howard31319,"@早坂愛"
howard41436,"@喜多郁代"
howard612,"@喜多郁代"
howard841013,"@早坂愛"
howhowandy,"@喜多郁代"
howx713,"@喜多郁代"
hprince,"@早坂愛"
hsdcwtas,"@早坂愛"
hses5307,"@早坂愛"
hshellen,"@早坂愛"
hsiao758,"@早坂愛"
hsien28,"@喜多郁代 呼籲孤獨搖滾的支持者一定要團結"
hsinpu1,"@喜多郁代"
hsiung9,"@喜多郁代"
hsk847,"@早坂愛"
ht920441,"@喜多郁代"
hub777,"@早坂愛"
huberrrrr,"@早坂愛"
hubert655185,"@早坂愛"
hubertshu,"@喜多郁代"
hughjetman,"@喜多郁代"
huhu12301231,"@早坂愛"
humbercat,"@喜多郁代"
hungry8964,"@喜多郁代"
hunter4552,"@早坂愛"
hunting78,"@早坂愛"
huracanid91,"@喜多郁代"
hurricanrana,"@喜多郁代"
hussar9955,"@早坂愛"
hxhjerry,"@早坂愛"
hy1221,"@早坂愛"
hyuan,"@早坂愛"
i0oasstes0i,"@喜多郁代"
i11oa25m,"@早坂愛"
i52047,"@喜多郁代"
i77700k,"@早坂愛"
iStone12mini,"@早坂愛"
iahks38,"@早坂愛"
iahks38,"@早坂愛"
iamcy,"@早坂愛"
iamjamie129,"@早坂愛"
iamjimmycoo,"@早坂愛"
iamoldtwo,"@早坂愛"
iamredlight,"@早坂愛"
iamstrong706,"@喜多郁代"
ian1210168,"@喜多郁代"
ian5king,"@喜多郁代"
ian647918,"@喜多郁代"
ianarcher,"@早坂愛"
ibizacodi,"@喜多郁代"
ibox5566,"@喜多郁代"
ice17,"@早坂愛"
ice210102,"@早坂愛"
ice76824,"@早坂愛"
icedeek,"@早坂愛"
icedwater,"@早坂愛"
icespring,"@早坂愛"
icrticrt1682,"@喜多郁代"
icumblood,"@喜多郁代"
icyboon,"@喜多郁代"
idaku,"@喜多郁代"
idf64,"@早坂愛"
idgenerator,"@早坂愛"
idonno,"@早坂愛"
idunhav1,"@喜多郁代"
ifiamadj,"@早坂愛"
iga39057,"@喜多郁代"
igtenos1985,"@喜多郁代"
ihatebbo,"@喜多郁代"
iiieastn,"@喜多郁代"
ikachann,"@早坂愛"
ila9970,"@早坂愛"
illegalkao,"@早坂愛"
ilms49898723,"@喜多郁代"
ilovehomura,"@早坂愛"
iloveweizhen,"@早坂愛"
ilovptt,"@喜多郁代"
ilrb10157,"@早坂愛"
ilse062530,"@早坂愛"
im31519,"@喜多郁代"
imafsb,"@早坂愛"
imakim,"@早坂愛"
imdai,"@早坂愛"
imkawaii,"@早坂愛"
imlingary,"@早坂愛"
immense71,"@早坂愛"
imtifosi,"@早坂愛"
imwings32,"@喜多郁代"
imyaoyu,"@喜多郁代"
inana0712,"@喜多郁代"
inbowla,"@早坂愛"
incbixcrazy,"@早坂愛"
incbixcrazy,"@早坂愛"
index2211,"@早坂愛"
indexc,"@喜多郁代"
ineedpeepee,"@喜多郁代"
iner34asdi,"@早坂愛"
infi23,"@喜多郁代"
infil85,"@早坂愛"
infinity2204,"@喜多郁代"
inhumanq,"@喜多郁代"
inin1998,"@早坂愛"
initial13254,"@早坂愛"
inokumaw,"@喜多郁代"
inte629l,"@喜多郁代"
inversexxx,"@喜多郁代"
iorittn,"@喜多郁代"
iqmen2003,"@早坂愛"
iqqtv,"@早坂愛"
irain,"@喜多郁代"
ire5566,"@喜多郁代"
isaac117,"@早坂愛"
isaacwang711,"@早坂愛"
isaka,"@早坂愛"
ishinq9327,"@早坂愛"
ismwing0205,"@早坂愛"
ismwing0205,"@早坂愛"
ismwing0205,"@早坂愛"
isolatenicky,"@早坂愛"
isolatenicky,"@早坂愛"
istel1247j,"@喜多郁代"
itsmegd,"@喜多郁代"
itsmn,"@早坂愛"
iuvat,"@早坂愛"
ivan51405,"@早坂愛"
ivan609,"@喜多郁代"
iven6492217,"@喜多郁代"
ivonevi,"@喜多郁代"
iwannabeeatr,"@早坂愛"
iwannashot,"@喜多郁代"
ixvjlv,"@早坂愛"
iyppuafq,"@喜多郁代"
j155027,"@喜多郁代"
j1999unicorn,"@早坂愛"
j268848,"@喜多郁代"
j3725622,"@早坂愛"
j39163,"@早坂愛"
j53815102,"@早坂愛 誰票少我就投誰"
j55888819,"@早坂愛"
j627532,"@喜多郁代"
j7485962,"@早坂愛"
j7485962,"@早坂愛"
j92127,"@喜多郁代"
ja1295,"@喜多郁代"
ja200415,"@早坂愛"
ja42022,"@早坂愛"
jabi825,"@早坂愛"
jack0123nj,"@早坂愛"
jack1042,"@喜多郁代"
jack111222,"@早坂愛"
jack2160,"@早坂愛"
jack30732,"@喜多郁代"
jack34031,"@早坂愛"
jack50087,"@喜多郁代"
jack503,"@早坂愛"
jack506,"@早坂愛"
jack7087,"@喜多郁代"
jack82822005,"@喜多郁代"
jack8587,"@早坂愛"
jack900727,"@喜多郁代"
jackfan1015,"@喜多郁代"
jackie1115,"@喜多郁代"
jackjoke2007,"@早坂愛"
jackkcck,"@喜多郁代"
jacklinjia,"@喜多郁代"
jackpeng84,"@喜多郁代"
jacksnowman,"@喜多郁代"
jackwade,"@喜多郁代"
jackwang01,"@喜多郁代"
jackwula9211,"@早坂愛"
jacky00321,"@早坂愛"
jacky15418,"@喜多郁代"
jackyT,"@喜多郁代"
jacob2224,"@喜多郁代"
jacob815123,"@喜多郁代"
jaffny,"@喜多郁代"
jagger,"@早坂愛"
jak654321,"@早坂愛"
jame4022,"@早坂愛"
james123787,"@早坂愛"
james50827,"@早坂愛"
james54333,"@早坂愛"
james7584,"@喜多郁代"
james758746,"@早坂愛"
james791013,"@喜多郁代"
james810124,"@喜多郁代"
james918,"@早坂愛"
james95238,"@喜多郁代"
jameslin0214,"@早坂愛"
jansin,"@早坂愛"
japhelec,"@喜多郁代"
jardin123,"@喜多郁代"
jarvis652,"@早坂愛"
jaska,"@早坂愛"
jason1515,"@早坂愛"
jason2325,"@早坂愛"
jason401310,"@喜多郁代"
jason5678tw,"@早坂愛"
jason60904,"@早坂愛"
jason770403,"@喜多郁代"
jason800410,"@喜多郁代"
jason90814,"@早坂愛"
jason96825,"@喜多郁代"
jasonbass,"@喜多郁代"
jasonger25,"@喜多郁代"
jasonlyt,"@早坂愛"
jasonyen123,"@早坂愛"
jaspergod,"@早坂愛"
jaspergood,"@喜多郁代"
jaxo0131,"@早坂愛"
jay11403,"@喜多郁代"
jay123peter,"@早坂愛"
jay14110,"@喜多郁代"
jaychow0916,"@早坂愛"
jaygle,"@喜多郁代"
jaysin,"@早坂愛"
jayxxx,"@喜多郁代"
jcaosola,"@喜多郁代"
jclee17060,"@早坂愛"
jdps50417,"@喜多郁代"
jdzjhcs,"@早坂愛"
je159159,"@早坂愛"
jeff10199,"@早坂愛"
jeff4670,"@喜多郁代"
jeff60103,"@早坂愛"
jeff78tom,"@早坂愛"
jeff881218,"@早坂愛"
jeffbear79,"@早坂愛"
jeffblue101,"@早坂愛"
jeffery226,"@早坂愛"
jeffgash,"@喜多郁代"
jeffy970,"@喜多郁代"
jeh089,"@喜多郁代"
jelly22,"@喜多郁代"
jemmy1794,"@喜多郁代"
jemmy23718,"@喜多郁代"
jeremy7986,"@喜多郁代"
jeremylouee,"@喜多郁代"
jeremywww,"@早坂愛"
jerry0505,"@喜多郁代"
jerry5988,"@早坂愛"
jerry70938,"@喜多郁代"
jerry7668,"@喜多郁代"
jerry86324,"@早坂愛"
jerry86704,"@早坂愛"
jerry990561,"@早坂愛"
jerryh612,"@喜多郁代"
jerryhd921,"@喜多郁代"
jerryhu1999,"@早坂愛"
jerrymmma,"@早坂愛"
jerrypan1,"@早坂愛"
jerryxzaxza,"@喜多郁代"
jerryyang,"@早坂愛"
jerygood0208,"@早坂愛"
jesse5566,"@早坂愛"
jesselin,"@早坂愛"
jessetsai,"@喜多郁代"
jessie80006,"@早坂愛"
jetun0718,"@早坂愛"
jeww90058,"@喜多郁代"
jfd821103,"@早坂愛"
jgjisnew,"@喜多郁代"
jglrockoy,"@喜多郁代"
jhevan94,"@早坂愛"
jhs710041,"@早坂愛"
jhshen15,"@喜多郁代"
ji3g4vul3eji,"@早坂愛"
jiaching,"@喜多郁代"
jidou,"@喜多郁代"
jiiiiiiiiiii,"@喜多郁代"
jim009001,"@喜多郁代"
jim0427,"@早坂愛"
jim13610,"@喜多郁代"
jim924211,"@喜多郁代"
jim924211,"@喜多郁代"
jimchang808,"@喜多郁代"
jimgod1090,"@喜多郁代"
jimke196,"@喜多郁代"
jimmy6331,"@早坂愛"
jimmy840826,"@早坂愛"
jimmy888,"@喜多郁代"
jimmy90946,"@喜多郁代"
jimmydabang,"@早坂愛"
jimmydogs,"@喜多郁代"
jimmyjean,"@喜多郁代"
jimmythepeng,"@早坂愛"
jimpeter5,"@早坂愛"
jindes,"@早坂愛"
jinyangdc,"@早坂愛"
jixian,"@早坂愛"
jj124009,"@喜多郁代"
jj841067,"@喜多郁代"
jjaacky,"@喜多郁代"
jjj0258000,"@早坂愛"
jjj61506,"@喜多郁代"
jk420,"@早坂愛"
jk865p,"@早坂愛"
jk952840,"@早坂愛"
jkiop79315,"@早坂愛"
jkl776543,"@喜多郁代"
jknm0101,"@早坂愛"
jl30051,"@喜多郁代"
jmuchxhu,"@喜多郁代"
jodlemao,"@早坂愛"
joe0112joe,"@喜多郁代"
joe199277,"@喜多郁代"
joe55688,"@早坂愛"
joe871002,"@早坂愛"
joejoe0438,"@喜多郁代"
joellkk01,"@喜多郁代"
joesong1986,"@喜多郁代"
john0515,"@喜多郁代"
john0909,"@喜多郁代"
john91018,"@早坂愛"
john95582003,"@喜多郁代"
johnny12728,"@喜多郁代"
johnny5414,"@喜多郁代"
johnny830611,"@早坂愛"
johnny830824,"@喜多郁代"
johnnykwo,"@早坂愛"
johnson02020,"@喜多郁代"
johnson0226,"@喜多郁代"
join8112,"@早坂愛"
joinjoye0308,"@早坂愛"
jojobird7878,"@喜多郁代"
jojomimi,"@早坂愛"
jojotrash,"@喜多郁代"
jokepeace,"@早坂愛"
joker456,"@早坂愛"
jokerpok,"@喜多郁代"
jon800827,"@喜多郁代"
jona853064,"@喜多郁代"
jonesy9000,"@早坂愛"
jonesyou,"@喜多郁代"
jonny60604,"@喜多郁代"
jordan1227,"@早坂愛"
joseph1987ba,"@喜多郁代"
josephlu0404,"@早坂愛"
joshddd,"@早坂愛"
journey16,"@喜多郁代"
joverKJ,"@早坂愛"
joy82926,"@早坂愛"
joyc06u6,"@早坂愛"
jp6jo42842u4,"@喜多郁代"
jqp994b12,"@喜多郁代"
js1986,"@喜多郁代"
js202021,"@喜多郁代"
jsk0122,"@喜多郁代"
jsstarlight,"@喜多郁代"
jtweng,"@喜多郁代"
jubeat0219,"@喜多郁代"
jubeatwind,"@早坂愛"
jueda,"@早坂愛"
julian90426,"@喜多郁代"
julianscorpi,"@早坂愛"
july8528,"@早坂愛"
junfu,"@早坂愛"
junmai,"@早坂愛"
junren0183,"@早坂愛"
jupiterx,"@喜多郁代"
just091,"@早坂愛"
justXDXDXD,"@喜多郁代"
justarandomg,"@早坂愛"
justdo12345,"@喜多郁代"
justice00s,"@喜多郁代"
justice2544,"@早坂愛"
justicefatty,"@喜多郁代"
justsay,"@早坂愛"
justwantfly,"@喜多郁代"
jvy6636,"@喜多郁代"
jwpe8000,"@喜多郁代"
jywu0115,"@喜多郁代"
k0072net,"@喜多郁代"
k0286,"@早坂愛"
k0972231820,"@早坂愛"
k102asdf,"@早坂愛"
k12795,"@喜多郁代"
k150tw,"@早坂愛"
k18535318,"@早坂愛"
k20318628,"@喜多郁代"
k24932359,"@早坂愛"
k300plus,"@喜多郁代"
k402ate,"@喜多郁代"
k411051,"@早坂愛"
k66004zx,"@喜多郁代"
k7626773,"@早坂愛"
k865394,"@喜多郁代"
k960674,"@早坂愛"
k96321k,"@早坂愛"
k97231,"@早坂愛"
kaechyuan16,"@早坂愛"
kafing89,"@早坂愛"
kafuchino,"@早坂愛"
kagelin,"@早坂愛"
kai2573,"@喜多郁代"
kai560,"@喜多郁代"
kaiac,"@早坂愛"
kaich0811,"@喜多郁代"
kaimu457,"@喜多郁代"
kainong,"@喜多郁代"
kaisudo0520,"@早坂愛"
kaiwencloudy,"@早坂愛"
kaiyun0523,"@早坂愛"
kaizz,"@早坂愛"
kakuj,"@早坂愛"
kaleidliner,"@早坂愛"
kalpacoda,"@早坂愛"
kalpacoda,"@早坂愛"
kamix,"@喜多郁代"
kanisama04,"@早坂愛"
kankandara,"@早坂愛"
kansakiraru,"@喜多郁代"
kanzaki0s,"@喜多郁代"
kaosu,"@早坂愛"
kapercd,"@喜多郁代"
kappa0915,"@早坂愛"
karin1104,"@喜多郁代"
karitus,"@早坂愛"
karl0814,"@早坂愛"
karldrean,"@早坂愛"
kart07575,"@喜多郁代"
karta1023244,"@早坂愛"
karta2032150,"@喜多郁代"
karta2133295,"@喜多郁代"
karta2398242,"@早坂愛"
karta3223567,"@早坂愛"
karta86822,"@喜多郁代"
karta88,"@早坂愛"
kartd0099781,"@早坂愛"
kartg0031139,"@早坂愛"
karuma418,"@喜多郁代"
karve891114,"@早坂愛"
kashima228,"@早坂愛"
kasimEnix,"@早坂愛"
kasimroll,"@喜多郁代"
kasiwagi,"@喜多郁代"
kasoca,"@早坂愛"
kasugamaru,"@喜多郁代"
kasumi28,"@早坂愛"
kate108256,"@早坂愛"
kausan,"@喜多郁代"
kazake,"@喜多郁代"
kbty245,"@喜多郁代"
kcismeth,"@早坂愛"
kcs58899,"@喜多郁代"
keisz,"@早坂愛"
kekebunny,"@喜多郁代"
kel518,"@早坂愛"
ken00573,"@喜多郁代"
ken01769,"@喜多郁代"
ken1000,"@早坂愛"
ken123000,"@喜多郁代"
ken1733,"@早坂愛"
ken19881,"@早坂愛"
ken2342,"@早坂愛"
ken40220a,"@早坂愛"
ken737957,"@喜多郁代"
kenail,"@早坂愛"
kencharity99,"@早坂愛"
kendick,"@早坂愛"
kenexz,"@喜多郁代"
kenjordan,"@早坂愛"
kenkenapple,"@喜多郁代"
kenny112402,"@早坂愛"
kenny840719,"@早坂愛"
kenshinn,"@喜多郁代"
kent00216,"@喜多郁代"
kenu1018,"@喜多郁代"
kerkyky,"@早坂愛"
kerkyky,"@早坂愛"
keroro0929,"@早坂愛"
kerorok66,"@喜多郁代"
keroromk2,"@喜多郁代"
kerudio,"@早坂愛"
kerwinting,"@早坂愛"
kevin0118tw,"@早坂愛"
kevin02287,"@早坂愛"
kevin0319pig,"@早坂愛"
kevin16h,"@早坂愛"
kevin3689283,"@早坂愛"
kevin449,"@早坂愛"
kevin5242,"@早坂愛"
kevin61709,"@早坂愛"
kevin65214,"@喜多郁代"
kevin851027,"@早坂愛"
kevin85486,"@喜多郁代"
kevin880714,"@喜多郁代"
kevinacc084,"@早坂愛"
kevinchang43,"@早坂愛"
kevinhong314,"@早坂愛"
kevinku09,"@早坂愛"
kevinlee2001,"@早坂愛"
kevintsang,"@早坂愛"
kevintseng9,"@喜多郁代"
kevintw81,"@喜多郁代"
kevinzeng,"@早坂愛"
key123987,"@喜多郁代"
key88123,"@早坂愛"
keyman616,"@喜多郁代"
keyt99130,"@早坂愛"
kezneuiqn,"@早坂愛"
kf01234,"@喜多郁代"
kf200550405,"@早坂愛"
kf8745123,"@早坂愛"
kfcopass,"@早坂愛"
kgb5879123,"@喜多郁代"
kgc2924r,"@喜多郁代"
kid0800,"@喜多郁代"
kiedveian,"@喜多郁代"
kigargoal777,"@喜多郁代"
kigiron,"@喜多郁代"
kikike,"@喜多郁代"
kilid,"@早坂愛"
kill363534,"@早坂愛"
kill78941,"@早坂愛"
killer0221,"@早坂愛"
killerking05,"@早坂愛"
killerking05,"@早坂愛"
killerxcat,"@早坂愛"
killheken,"@喜多郁代"
killuaz,"@喜多郁代"
kilong17,"@早坂愛"
kim1998,"@喜多郁代"
kimi1330,"@喜多郁代"
kiminoegao,"@喜多郁代"
kimokimocom,"@早坂愛"
kimono1022,"@早坂愛"
kina9532,"@早坂愛"
king0522,"@早坂愛"
king230277,"@喜多郁代"
king9122,"@早坂愛"
kingbemmy,"@喜多郁代"
kingcharlie,"@喜多郁代"
kingcrown,"@早坂愛"
kingkiller,"@早坂愛"
kingo2327,"@喜多郁代"
kinishom,"@早坂愛"
kino781227,"@早坂愛"
kinomon,"@喜多郁代"
kinoptik,"@早坂愛"
kinosband,"@喜多郁代"
kioku,"@早坂愛"
kiplove114,"@早坂愛"
kira123,"@早坂愛"
kira1639,"@早坂愛"
kirakilling7,"@喜多郁代"
kiramayo,"@喜多郁代"
kisblack,"@早坂愛"
kiseki41,"@喜多郁代"
kitoik5427,"@早坂愛"
kittenchy,"@喜多郁代"
kiwitse,"@早坂愛"
kiwn783crd,"@早坂愛"
kizaru1118,"@喜多郁代"
kj632868,"@喜多郁代"
kj763,"@早坂愛"
kjcg8787,"@早坂愛"
kk109kk109,"@早坂愛"
kk12345,"@早坂愛"
kk870618,"@早坂愛"
kkes0001,"@早坂愛"
kkindark,"@早坂愛"
kkira,"@早坂愛"
kkk2007227,"@喜多郁代"
kkkkouo,"@喜多郁代"
kkoogood2,"@早坂愛"
kkpopo90,"@早坂愛"
kl606045,"@喜多郁代"
klaynaruto,"@早坂愛"
klcj,"@喜多郁代"
klodia,"@喜多郁代"
klose11111,"@喜多郁代"
kluele585,"@喜多郁代"
knifestar,"@早坂愛"
knight0201,"@喜多郁代"
knight714,"@早坂愛"
knight77,"@喜多郁代"
knightmare0,"@喜多郁代"
knml,"@喜多郁代"
knok,"@喜多郁代"
kobe20730,"@早坂愛"
kobe30418,"@喜多郁代"
kobe5602,"@喜多郁代"
kobe58105,"@早坂愛"
kobe9527,"@喜多郁代"
kobed,"@早坂愛"
kobekai,"@早坂愛"
kochio,"@喜多郁代"
koexe,"@早坂愛"
koger57389,"@早坂愛"
kohane,"@喜多郁代"
kohebe,"@早坂愛"
kojo,"@早坂愛"
koka813,"@喜多郁代"
kokal,"@早坂愛"
koko123,"@早坂愛"
konnoyuuki,"@喜多郁代"
konosekai,"@喜多郁代"
kore5348,"@喜多郁代"
koretto,"@喜多郁代"
koromo1991,"@喜多郁代"
koronenodog,"@喜多郁代"
koukeiko,"@早坂愛"
koy784512,"@早坂愛"
krpk,"@喜多郁代"
ks4587269,"@早坂愛"
kskg,"@早坂愛"
kstopplayer,"@喜多郁代"
kt2003,"@@喜多郁代"
kt2003,"@喜多郁代"
kt3623kt,"@喜多郁代"
ktIris,"@喜多郁代"
ktkt2566,"@喜多郁代"
ktpss90005,"@早坂愛"
ktpss96013,"@喜多郁代"
ktpss96013,"@喜多郁代"
ktpss96013,"@喜多郁代"
ktpss96013,"@喜多郁代"
kuan0123,"@早坂愛"
kuan870704,"@喜多郁代"
kugisaki,"@早坂愛"
kullan,"@喜多郁代"
kuluma,"@早坂愛"
kumasame14,"@喜多郁代"
kunling,"@早坂愛"
kuraki7up,"@早坂愛"
kuroe,"@早坂愛"
kuroe,"@早坂愛"
kurohane,"@喜多郁代"
kuroikumasan,"@喜多郁代"
kuroneko02,"@喜多郁代"
kuropika,"@早坂愛"
kuruki,"@喜多郁代"
kuruki,"@喜多郁代"
kwiato,"@喜多郁代"
ky728,"@早坂愛"
kyle6506,"@喜多郁代"
kyly157,"@早坂愛"
kyokom45,"@早坂愛"
kyometamence,"@喜多郁代"
kyouryuu,"@喜多郁代"
kypss95134,"@喜多郁代"
kzsoar,"@早坂愛"
l036210,"@喜多郁代"
l48632717,"@早坂愛"
l6321899,"@早坂愛"
l68726872,"@早坂愛"
l83216312,"@喜多郁代"
la8day,"@喜多郁代"
labich,"@喜多郁代"
lacoste1113,"@早坂愛"
lagerfeld,"@早坂愛"
laigeorge89,"@喜多郁代"
laio,"@早坂愛"
laio1216811,"@喜多郁代"
laker7634,"@早坂愛"
lance860201,"@早坂愛"
lancelotte,"@早坂愛"
lancerd,"@早坂愛"
landyue2315,"@喜多郁代"
lanew914817,"@早坂愛"
lanjack,"@喜多郁代"
lanstype,"@喜多郁代"
lanx105,"@早坂愛"
laosoacj,"@喜多郁代"
laptic,"@早坂愛"
larry8550,"@早坂愛"
larryboost,"@早坂愛"
lastion,"@早坂愛"
latz,"@喜多郁代"
laugh8562,"@喜多郁代"
laughingXD,"@早坂愛"
lavender13,"@早坂愛"
lavendin82,"@喜多郁代"
lay10521,"@喜多郁代"
laybear,"@早坂愛"
lazychung,"@喜多郁代"
lch60,"@早坂愛"
lcw33242976,"@喜多郁代"
ldes4308,"@早坂愛"
leaf1120,"@早坂愛"
learnshop123,"@喜多郁代"
lee0820,"@喜多郁代"
lee16818,"@喜多郁代"
lee70404,"@早坂愛"
leedonsee,"@喜多郁代"
leedonsee,"@喜多郁代 喜多不能輸QQ"
leegood,"@喜多郁代"
leekumfam,"@早坂愛"
leeuo4,"@喜多郁代"
leg0125,"@喜多郁代"
lemefree,"@早坂愛"
lemon5043,"@喜多郁代"
lemon810aa,"@早坂愛"
lemonccc,"@早坂愛"
lemonjye,"@早坂愛"
lemonspring,"@早坂愛"
lenairis,"@早坂愛"
leo05230,"@喜多郁代"
leo20035,"@早坂愛"
leo255112,"@喜多郁代"
leo628486,"@喜多郁代"
leo75090,"@喜多郁代"
leo761212,"@早坂愛"
leo79415,"@早坂愛"
leo81814,"@喜多郁代"
leo921080931,"@早坂愛"
leobb1001f,"@喜多郁代"
leoeeeaaa,"@喜多郁代"
leomao,"@喜多郁代"
leon1757tw,"@喜多郁代 @喜多川海夢"
leowei86,"@早坂愛"
leoyeh2017,"@早坂愛"
lerobinak47,"@早坂愛"
lewisk,"@喜多郁代"
lewisleex,"@喜多郁代"
lewlewbo,"@喜多郁代"
lf0827m,"@喜多郁代"
lf2net13579,"@早坂愛"
liargamer,"@早坂愛"
liberaloner,"@早坂愛"
liberation9,"@喜多郁代"
libertier,"@早坂愛"
lien9024,"@喜多郁代"
lifeful,"@喜多郁代"
lifeisdead,"@喜多郁代"
ligaryyeen,"@喜多郁代"
light13679,"@早坂愛"
lightKevin,"@喜多郁代"
lightdogs,"@早坂愛"
likeas1223,"@喜多郁代"
likeysana,"@喜多郁代"
liknacamgal,"@喜多郁代"
limbicer,"@喜多郁代"
limbra,"@早坂愛"
lin1020,"@喜多郁代"
lin2492,"@喜多郁代"
lin380977,"@早坂愛"
lin820504,"@早坂愛"
linCSjk,"@喜多郁代"
linandydog,"@喜多郁代"
linceass,"@早坂愛"
linda815,"@喜多郁代"
lineage01000,"@喜多郁代"
lineage1231,"@早坂愛"
lineardem,"@早坂愛"
lineardem,"@早坂愛"
linjin2,"@早坂愛"
linliu0624,"@早坂愛"
linlulow,"@早坂愛"
linnan,"@早坂愛"
linph,"@喜多郁代"
linsyu,"@早坂愛"
linushung,"@早坂愛"
linwach0423,"@喜多郁代"
lion01123,"@早坂愛"
lion0225,"@早坂愛"
liorot99933,"@喜多郁代"
liqqq1108,"@早坂愛"
liquxan,"@喜多郁代"
lishangzhe0,"@喜多郁代"
littleaoc,"@早坂愛"
littlebug421,"@早坂愛"
littledemon,"@早坂愛"
littleleehan,"@早坂愛"
lity3426,"@早坂愛"
liu10301234,"@早坂愛"
liuch120,"@早坂愛"
livehorse,"@喜多郁代"
livewater,"@喜多郁代"
liwei504,"@喜多郁代"
liyuyu0418,"@早坂愛"
lizard30923,"@喜多郁代"
liznxx,"@喜多郁代"
ljplgplin,"@喜多郁代"
lkjhgf123d1,"@喜多郁代"
lkk321,"@喜多郁代"
llabc1000,"@早坂愛"
lmeet5566,"@喜多郁代"
lmzenith,"@早坂愛"
lnm40990181,"@喜多郁代"
lo11212001,"@喜多郁代"
loasari,"@喜多郁代"
localfat,"@早坂愛"
lockbacker,"@喜多郁代"
locusVI,"@喜多郁代"
loikhans,"@早坂愛"
lolic,"@早坂愛"
loliconOji,"@喜多郁代"
lolicum,"@喜多郁代"
lolilover,"@喜多郁代"
lolucky531,"@喜多郁代"
lonelovestar,"@早坂愛"
lonelycity,"@早坂愛"
lonelygroup,"@早坂愛"
long0601,"@早坂愛"
longchyi,"@早坂愛"
longhairboy,"@早坂愛"
longoneroro,"@喜多郁代"
lonlon9,"@早坂愛"
looscfor,"@早坂愛"
loosnake,"@喜多郁代"
loserfeizie,"@喜多郁代"
louiefu,"@早坂愛"
louis5566,"@早坂愛"
louis791021,"@喜多郁代"
louis82828,"@喜多郁代"
louisa41,"@早坂愛"
louiss72,"@喜多郁代"
love1129,"@早坂愛"
love80604521,"@喜多郁代"
loveaoki0414,"@喜多郁代"
lovecyslove,"@早坂愛"
lovegash,"@早坂愛"
lovejiyeon,"@喜多郁代"
lovekfc456,"@喜多郁代"
lovely0619,"@喜多郁代"
lovemost,"@早坂愛"
lovepage,"@喜多郁代"
loveppy,"@早坂愛"
lovereadman,"@早坂愛"
loverxa,"@喜多郁代"
lovese,"@早坂愛"
lovewhite,"@早坂愛"
lovkaf,"@早坂愛"
loxa8246,"@早坂愛"
loxa87036,"@早坂愛"
loxjjgu,"@喜多郁代"
lpgg88,"@早坂愛"
ls312,"@早坂愛"
lsckinoko,"@喜多郁代"
lsd25968,"@早坂愛"
lssdfmp,"@喜多郁代"
ltflame,"@喜多郁代"
ltps0408,"@喜多郁代"
lu333,"@喜多郁代"
lucas,"@早坂愛"
lucien1227,"@喜多郁代"
luck945,"@早坂愛"
lucky9999,"@喜多郁代"
luckycan,"@早坂愛"
luct11304,"@早坂愛"
ludlum,"@喜多郁代"
lugia12348k,"@喜多郁代"
luke06,"@喜多郁代"
lukelan,"@早坂愛"
lulufufu,"@喜多郁代"
lulugdsnake,"@早坂愛"
lulusnake,"@喜多郁代"
luluysean,"@喜多郁代"
lumorrison,"@喜多郁代"
lunar,"@喜多郁代"
lupin992,"@喜多郁代"
lutai610,"@喜多郁代"
lutea0503,"@早坂愛"
luweilovecat,"@早坂愛"
luxliz325,"@喜多郁代"
luyiouo,"@喜多郁代"
luzzwang,"@喜多郁代"
lwh519,"@喜多郁代"
lwina,"@早坂愛"
ly2314,"@喜多郁代"
lyc870506,"@早坂愛"
lyircpoety,"@早坂愛"
lyn426,"@早坂愛"
lyz88872723,"@早坂愛"
m0071205,"@早坂愛"
m0fu4d83,"@喜多郁代"
m123i123,"@早坂愛"
m14478920,"@喜多郁代"
m2010sed,"@喜多郁代"
m28633146,"@早坂愛"
m3791913,"@早坂愛"
m42040,"@喜多郁代"
m4su6747,"@早坂愛"
m5092626,"@早坂愛"
m7070520,"@早坂愛"
m9o2o,"@早坂愛"
ma0294596,"@早坂愛"
ma048595,"@喜多郁代"
ma820602,"@喜多郁代 幫海夢報仇XD"
mabilife,"@早坂愛"
macaronnn,"@喜多郁代"
machiyori,"@喜多郁代"
mack860120,"@喜多郁代"
madyoungN,"@喜多郁代"
magi80328,"@早坂愛"
magicULALA,"@早坂愛"
mail40055,"@早坂愛"
maki1234,"@早坂愛"
makr,"@喜多郁代"
mangifera43,"@喜多郁代"
mango970422,"@早坂愛"
mangoz2330,"@早坂愛"
maniac854539,"@早坂愛"
manshe,"@早坂愛"
manuscript,"@喜多郁代"
manylazy,"@喜多郁代"
mao8082611,"@早坂愛"
maomao0129,"@早坂愛"
maple0603,"@早坂愛"
maple2378,"@喜多郁代"
maplefoxs,"@喜多郁代"
maplesida,"@早坂愛"
mar07172535,"@早坂愛"
marabutan607,"@早坂愛"
maray5566,"@早坂愛"
maray5566,"@早坂愛"
marc9108,"@早坂愛"
marchcharlie,"@早坂愛"
marckshaw,"@喜多郁代"
mark081717,"@早坂愛"
mark1th11,"@早坂愛"
mark31731123,"@早坂愛"
mark450450,"@喜多郁代"
mark61117,"@早坂愛"
mark9421,"@早坂愛"
mark9421,"@早坂愛"
markhwang,"@早坂愛"
markleetpe,"@喜多郁代"
markloss,"@喜多郁代"
marsplanet,"@早坂愛"
marssss,"@早坂愛"
maru291,"@喜多郁代"
marvin038,"@喜多郁代"
marvin038,"@喜多郁代"
mashiro8512,"@喜多郁代"
mashiroro,"@喜多郁代"
masoushizuka,"@早坂愛"
masutaka,"@喜多郁代"
matt70203,"@早坂愛"
max0213,"@喜多郁代"
max410157,"@早坂愛"
max853211,"@喜多郁代"
max881003,"@喜多郁代"
maxdanea,"@喜多郁代"
maxkao1026,"@早坂愛"
maxxpme,"@早坂愛"
maybebe,"@早坂愛"
maybejordan,"@喜多郁代"
mayday91128,"@喜多郁代"
mayltoovney,"@喜多郁代"
mayuchia,"@早坂愛"
mbhjk437,"@早坂愛"
mbla,"@喜多郁代"
mcan,"@早坂愛"
mcpsmcps,"@早坂愛"
mcr3,"@喜多郁代"
mealoop,"@喜多郁代"
meander,"@早坂愛"
mece,"@早坂愛"
meg8871,"@早坂愛"
megah321,"@喜多郁代"
megalodon35,"@早坂愛"
meganthree,"@早坂愛"
meicon5566,"@早坂愛"
meicon5566,"@早坂愛"
meizi0131,"@早坂愛"
mekiss131475,"@喜多郁代"
meltnight,"@喜多郁代"
melvin8052,"@喜多郁代"
memep7,"@喜多郁代"
memory10202,"@喜多郁代"
menlok,"@早坂愛"
mentu0086,"@喜多郁代"
menyou,"@喜多郁代"
meow404,"@喜多郁代"
meowchen,"@早坂愛"
mercurycgt68,"@喜多郁代"
metz1552,"@早坂愛"
mgxn,"@早坂愛"
mhhe04,"@喜多郁代"
mibbl0,"@喜多郁代"
michael1995y,"@喜多郁代 來了，對面的敗者們通通來傳功了，要贏"
michael1999,"@喜多郁代"
michael71206,"@早坂愛"
michael94071,"@早坂愛"
mictoaety,"@喜多郁代"
midnight20,"@早坂愛"
miepupupupu,"@早坂愛"
miffytong323,"@喜多郁代"
mikapauli,"@喜多郁代"
mike56935,"@早坂愛"
mikemiao1492,"@喜多郁代"
mikeneko,"@早坂愛"
mikeway,"@早坂愛"
mikobestgirl,"@喜多郁代"
mikosakura,"@喜多郁代"
miku3920,"@早坂愛"
mikusoftware,"@喜多郁代"
mikuyoyo,"@喜多郁代"
milkkiss,"@喜多郁代"
milkool,"@早坂愛"
millerti,"@喜多郁代"
mimei50510,"@早坂愛"
mimi4me,"@喜多郁代"
mimi9126,"@早坂愛"
mimi940502,"@喜多郁代"
min10489,"@早坂愛"
min10489l,"@早坂愛"
mina0723,"@早坂愛"
mindy87511,"@喜多郁代"
ming1368,"@早坂愛"
ming791218,"@早坂愛"
mingchei,"@早坂愛"
mingjun,"@喜多郁代"
mingjun,"@喜多郁代"
mingming1160,"@早坂愛"
mingtsai,"@早坂愛"
minhan,"@喜多郁代"
minie0114,"@喜多郁代"
minihyde,"@早坂愛"
minipig0102,"@早坂愛"
minirov1208,"@早坂愛"
minkel97,"@早坂愛"
minoru04,"@喜多郁代"
mioyui798,"@喜多郁代"
miracle60415,"@喜多郁代"
mircoharder,"@早坂愛"
mirja,"@早坂愛"
mirror0227,"@早坂愛"
mirroshadow,"@喜多郁代"
misaka0120,"@喜多郁代"
miserymax,"@早坂愛"
missingkid,"@喜多郁代"
missingkid,"@早坂愛"
mit40491,"@喜多郁代"
mitsurino,"@喜多郁代"
miukii,"@喜多郁代"
miunya,"@早坂愛"
mixue,"@早坂愛"
miyazakisun2,"@喜多郁代"
miyuki2548,"@早坂愛"
mizuyoru3423,"@早坂愛"
mk4188623,"@喜多郁代"
mkcg5825,"@喜多郁代"
mkflyk23,"@早坂愛"
mkmmywife,"@早坂愛"
mko09ijn,"@喜多郁代"
mlgzackfly,"@喜多郁代"
mmckiedd,"@喜多郁代"
mmm87963,"@喜多郁代"
mmxd,"@喜多郁代"
mnbvcxz0612,"@早坂愛"
mnlaw,"@喜多郁代"
mnmn12128,"@早坂愛"
moebear,"@喜多郁代"
moisekean,"@喜多郁代"
mojyan,"@喜多郁代"
mokissru,"@喜多郁代"
molishilecow,"@喜多郁代"
momoChris,"@早坂愛"
money501st,"@喜多郁代"
monhen,"@喜多郁代"
moni025,"@喜多郁代"
monicayuan,"@早坂愛"
monkey0135,"@早坂愛"
monkeytsai,"@早坂愛"
mono5566,"@早坂愛"
monster104,"@早坂愛"
moon6815,"@早坂愛"
moonstream,"@喜多郁代"
mopanni,"@喜多郁代"
morgan84726,"@早坂愛"
morton7932,"@喜多郁代"
mosery0127,"@早坂愛"
mosquito181,"@喜多郁代"
motinger,"@喜多郁代"
mounthellow,"@喜多郁代"
mouse8899,"@早坂愛"
movingday,"@喜多郁代"
mpedros,"@早坂愛"
mrWillyyang,"@早坂愛"
mrempty,"@早坂愛"
mrlucas8891,"@喜多郁代"
ms0204192,"@早坂愛"
ms041295,"@喜多郁代"
ms0552764,"@早坂愛"
msgk,"@喜多郁代"
msgm0731,"@喜多郁代"
mshockwave,"@早坂愛"
mtbigzan,"@早坂愛"
mtcn13,"@早坂愛"
mtes,"@早坂愛"
mu945,"@喜多郁代"
muhsin,"@早坂愛"
murderer2013,"@喜多郁代"
mushrimp5466,"@早坂愛"
mushroombaby,"@早坂愛"
mutta,"@早坂愛"
mvpa70275,"@早坂愛"
my852626,"@喜多郁代"
mydays,"@早坂愛"
myg36t91,"@早坂愛"
mypineapple,"@早坂愛"
mystogan,"@早坂愛"
myutwo150,"@喜多郁代"
n0501,"@早坂愛"
n0687elson,"@早坂愛"
n19tr1v37,"@早坂愛"
n1amarrr,"@早坂愛"
n379379,"@喜多郁代"
nacl0497,"@早坂愛"
nacoojohn,"@喜多郁代"
nahsnib,"@早坂愛"
naideath,"@早坂愛"
nakibasara,"@早坂愛"
nakirikiri,"@早坂愛"
nakiriooo,"@早坂愛"
nalthax,"@早坂愛"
nana07,"@早坂愛"
nanachi,"@喜多郁代"
nangon,"@早坂愛"
nanora1010,"@早坂愛"
naodaisuki,"@喜多郁代"
napacabbage,"@喜多郁代"
narihira2000,"@喜多郁代"
narukaho,"@早坂愛"
nashieh,"@早坂愛"
nathan41223,"@早坂愛"
natsu123,"@喜多郁代"
natsuka527,"@喜多郁代"
natsunagi,"@喜多郁代"
naya7415963,"@喜多郁代"
nbtsq318,"@早坂愛"
nbzavuel,"@早坂愛"
necotume,"@喜多郁代"
neddchiu,"@早坂愛"
negisan39,"@喜多郁代"
neko9316,"@喜多郁代"
nekolyst,"@喜多郁代"
nekopowaar,"@早坂愛"
neksa602,"@喜多郁代"
nelsonlin196,"@喜多郁代"
nemeankevin,"@早坂愛"
neokuuga,"@早坂愛"
neperstock,"@早坂愛"
neperstock,"@早坂愛"
neptune237,"@喜多郁代"
neroASHS,"@喜多郁代"
nerv596,"@喜多郁代"
neve11,"@早坂愛"
neverWYD,"@喜多郁代"
neverate,"@喜多郁代"
neverheifetz,"@早坂愛"
newcsie68,"@喜多郁代"
newnoob,"@早坂愛"
newrookie,"@喜多郁代"
newti,"@喜多郁代"
newtseug,"@早坂愛"
neyash,"@喜多郁代"
ngreen,"@早坂愛"
nick1628,"@早坂愛"
nick861211,"@喜多郁代"
nick921034,"@喜多郁代"
nickalex8689,"@喜多郁代"
nicokevin123,"@早坂愛"
night1216,"@早坂愛"
night30231,"@喜多郁代"
nightsakura,"@喜多郁代"
nike7014,"@早坂愛"
nilk,"@早坂愛"
nise486,"@早坂愛"
nisioisin,"@早坂愛"
niwi,"@早坂愛"
niwi,"@早坂愛"
njames,"@喜多郁代"
nk605,"@早坂愛"
nlnlnl,"@喜多郁代"
nlriey,"@喜多郁代"
nlvg,"@喜多郁代"
nmDickArchMa,"@早坂愛"
nmkl,"@喜多郁代"
nmort,"@早坂愛"
nn3356,"@早坂愛"
nnvnn067,"@喜多郁代"
no321,"@喜多郁代 喜多喜多陣線站出來"
nobady98,"@喜多郁代"
nobushige,"@早坂愛"
nobyE,"@喜多郁代"
nocamera,"@早坂愛"
nocturne5228,"@早坂愛"
nogihkt,"@喜多郁代"
nolawhite,"@喜多郁代"
nolimitpqq,"@喜多郁代"
noname912301,"@早坂愛"
norman895677,"@喜多郁代"
not5566,"@喜多郁代"
nothink0,"@喜多郁代"
nothink00,"@喜多郁代"
notmyfat,"@早坂愛"
nova1234,"@早坂愛"
nowucme,"@早坂愛"
noxon,"@喜多郁代"
nozomi3845,"@喜多郁代"
npes89033,"@早坂愛"
npsi,"@早坂愛"
npualien,"@喜多郁代"
nthank,"@早坂愛"
nut103,"@早坂愛 剛沒@到再頭一次"
nutogether,"@喜多郁代"
nvalue,"@喜多郁代"
nvalue,"@喜多郁代"
nyaruko,"@喜多郁代"
nyonya,"@喜多郁代"
nyyankee,"@早坂愛"
o030227,"@早坂愛"
o51018,"@喜多郁代"
oak2002,"@喜多郁代"
oat,"@喜多郁代"
obeytherules,"@早坂愛"
obop,"@早坂愛"
obpo,"@早坂愛"
observer87er,"@早坂愛"
observerptt,"@早坂愛"
oc7321,"@喜多郁代"
ocarina12,"@早坂愛"
ocean87,"@喜多郁代"
octopus4406,"@喜多郁代"
odcs0320,"@早坂愛"
oe1234yo,"@喜多郁代"
oeegg,"@早坂愛"
oepop,"@喜多郁代"
oh5566oh5566,"@早坂愛"
ohmoohmo,"@早坂愛"
ohyeah5566,"@早坂愛"
oilman887,"@早坂愛"
okbown,"@早坂愛"
okita126636,"@喜多郁代"
okok02232000,"@喜多郁代"
okstephen1,"@喜多郁代"
old3dsss,"@早坂愛"
oldgooddays,"@喜多郁代"
oldom,"@喜多郁代"
oldyounglin,"@早坂愛"
oliver210175,"@喜多郁代"
olivier797,"@早坂愛"
omau,"@喜多郁代"
onebiteoreo,"@早坂愛"
onetear,"@喜多郁代"
onetear,"@喜多郁代"
onion1030,"@早坂愛"
onion74,"@喜多郁代"
onlelonely,"@喜多郁代"
onlykite,"@喜多郁代"
oo2751394,"@喜多郁代"
ooandyxx,"@早坂愛"
ooxx124578,"@喜多郁代"
ooxx26,"@早坂愛"
op829567,"@喜多郁代"
opball,"@喜多郁代"
opeminbod001,"@早坂愛"
openopentw,"@早坂愛"
ophster,"@早坂愛"
opuityer,"@早坂愛"
opunkai,"@喜多郁代"
orange077,"@早坂愛"
orange077,"@早坂愛"
orangepickax,"@喜多郁代"
oranges4159,"@喜多郁代"
orca1912,"@早坂愛"
oreoyum,"@早坂愛"
organic3321,"@喜多郁代"
orgc300,"@早坂愛"
origin0204,"@喜多郁代"
orpheus2401,"@喜多郁代"
orzcow,"@早坂愛"
oscar1234562,"@喜多郁代"
oscar507,"@早坂愛"
oseelise,"@喜多郁代"
osmon54a7,"@早坂愛"
osozhekung,"@喜多郁代"
osu841227,"@早坂愛"
osvaldo4040,"@喜多郁代"
otsu,"@早坂愛"
otter0116,"@早坂愛"
ouoowoosu,"@早坂愛"
outcast12533,"@早坂愛"
outsmart33,"@喜多郁代"
over1267,"@早坂愛"
overcame,"@喜多郁代"
owen1051,"@早坂愛"
owen410,"@喜多郁代"
owen91,"@喜多郁代"
owlman,"@喜多郁代"
ox12345xo,"@喜多郁代"
p19960116,"@喜多郁代"
p23349,"@早坂愛"
p597fg,"@早坂愛"
p64628,"@早坂愛"
p712345678,"@早坂愛"
p760205,"@早坂愛"
p88145,"@喜多郁代"
p9i1n0g0u4,"@早坂愛"
pachiuchin,"@早坂愛"
paco9579584,"@早坂愛"
pagolin,"@喜多郁代"
panda2000,"@喜多郁代"
pandaswepp,"@早坂愛"
paneer2227,"@早坂愛"
panvincent,"@早坂愛"
panzerschild,"@喜多郁代"
papaya36455,"@早坂愛"
papertim,"@早坂愛"
pareru,"@喜多郁代"
parrotlin,"@早坂愛"
partyryan,"@喜多郁代"
paruren,"@喜多郁代"
passbyks,"@早坂愛"
passion1110,"@喜多郁代"
patigerman,"@喜多郁代"
patrickhao,"@早坂愛"
patrickhuang,"@早坂愛"
paul012011,"@早坂愛"
paul19921011,"@早坂愛"
paul20205,"@喜多郁代"
paul31788,"@早坂愛"
paul4,"@早坂愛"
paul40807,"@早坂愛"
paul810928,"@喜多郁代"
paul880818,"@早坂愛"
paulshih85,"@喜多郁代"
pcater0517,"@喜多郁代"
pchooooome,"@喜多郁代"
peacil200,"@早坂愛"
peanutman,"@喜多郁代"
pearbanban,"@喜多郁代"
peasuka,"@喜多郁代"
peichunkao,"@喜多郁代"
peiyun01,"@喜多郁代"
pekopoko,"@喜多郁代"
penance,"@喜多郁代"
penguinXD,"@喜多郁代"
percy8687,"@早坂愛"
perniaj81070,"@喜多郁代"
pete0521,"@早坂愛"
peter0517,"@喜多郁代"
peter0621,"@喜多郁代"
peter105096,"@早坂愛"
peter24,"@喜多郁代"
peter369,"@早坂愛"
peter5081389,"@喜多郁代"
peter830719,"@喜多郁代"
peter840801,"@早坂愛"
peterchen302,"@早坂愛"
petercjt,"@早坂愛"
peterkfduh,"@早坂愛"
peterpeter99,"@早坂愛"
peterw,"@喜多郁代，我要為我婆報仇"
peteryji,"@早坂愛"
phil10048196,"@早坂愛"
philip81501,"@喜多郁代"
philly12399,"@早坂愛"
philren,"@喜多郁代"
phleesec,"@喜多郁代"
photoelectro,"@早坂愛"
physicsbest,"@早坂愛"
pi020412,"@喜多郁代"
pi17581748,"@喜多郁代"
pianissimo51,"@早坂愛"
pianoblack,"@早坂愛"
piba228,"@喜多郁代 @喜多川海夢"
pichu215,"@喜多郁代"
piex,"@早坂愛"
pig205487741,"@喜多郁代"
pigpig861,"@早坂愛"
pika5300022,"@早坂愛"
pilite32,"@早坂愛"
pimachu,"@喜多郁代"
ping6300,"@喜多郁代"
pink2009222,"@喜多郁代"
pinkidd,"@喜多郁代"
pino0233,"@喜多郁代"
pipialws,"@早坂愛"
piquar,"@早坂愛"
piscouu,"@早坂愛"
pitatenex,"@喜多郁代"
pixar9899,"@喜多郁代"
piz007,"@喜多郁代"
pizzalot,"@早坂愛"
pjhuang,"@早坂愛"
pkkcyc,"@喜多郁代"
plauge,"@喜多郁代"
played,"@喜多郁代"
plbroum88,"@喜多郁代"
plnokm,"@早坂愛"
ploe0917,"@早坂愛"
plrcl,"@喜多郁代"
plusright,"@早坂愛"
pocies,"@喜多郁代"
poemedphd,"@早坂愛"
pohj,"@喜多郁代"
poiujm,"@早坂愛"
pokemon,"@早坂愛"
pokka,"@喜多郁代"
polarbearrrr,"@早坂愛"
polarsheep,"@早坂愛"
pollacat,"@早坂愛"
polo6216,"@早坂愛"
pololo61201,"@早坂愛"
polomarco159,"@早坂愛"
pomelo1526,"@喜多郁代"
pomelozu,"@早坂愛 抱歉了喜多 你們家虹姐打敗我黨約兒QQ"
ponponbear,"@喜多郁代"
ponwho,"@喜多郁代"
pony1126,"@早坂愛"
pool1017,"@喜多郁代"
poor147,"@喜多郁代"
poorblue,"@早坂愛"
pop810227,"@早坂愛"
popejoan,"@喜多郁代"
popo87022538,"@早坂愛"
popogreentea,"@早坂愛"
posh1222,"@喜多郁代"
post3a0108,"@喜多郁代"
potingchen,"@喜多郁代"
potterpig,"@早坂愛"
pov,"@喜多郁代"
power1126,"@早坂愛"
pp2500,"@早坂愛"
pp688039,"@早坂愛"
ppc233699,"@早坂愛"
ppigg1213,"@喜多郁代"
ppllkkhh,"@早坂愛"
ppn,"@喜多郁代"
ppp5488488,"@早坂愛"
pppp6666,"@早坂愛"
pq3589r1,"@喜多郁代"
pqpq0107,"@早坂愛"
prmotolprlin,"@喜多郁代"
procaryote,"@喜多郁代"
proession,"@早坂愛"
proman614,"@早坂愛"
proudsword,"@早坂愛"
ps2er,"@早坂愛"
psg1coldak74,"@喜多郁代"
psp123456e,"@喜多郁代"
pt56,"@喜多郁代"
pt689s,"@早坂愛"
ptolemy2006,"@喜多郁代"
ptthoshi,"@喜多郁代"
pttjordy,"@早坂愛"
pttmybrother,"@早坂愛"
pttsomeone,"@早坂愛"
pu6372689,"@喜多郁代"
puam4444,"@喜多郁代"
pubdl,"@早坂愛"
puff1050s,"@早坂愛"
puliaer,"@喜多郁代"
puma80588,"@早坂愛"
pumachenih,"@早坂愛"
pumpkinJacky,"@喜多郁代"
pure09876,"@喜多郁代"
purewind,"@早坂愛"
purple0928,"@早坂愛"
purpleegg765,"@喜多郁代"
pusheen44321,"@喜多郁代"
putingcat,"@喜多郁代"
puvs4952,"@喜多郁代"
pvcsamslowm,"@早坂愛"
pwseki206,"@早坂愛 早坂真的令人無法拒絕捏"
pyonpyon,"@早坂愛"
pyps,"@喜多郁代"
pyrolith,"@早坂愛"
pzhbk2200,"@早坂愛"
pziix,"@喜多郁代"
q02210221,"@喜多郁代"
q0500,"@喜多郁代"
q200314,"@喜多郁代"
q251425,"@早坂愛"
q622622,"@早坂愛"
qaz0329816,"@喜多郁代"
qaz1232000,"@喜多郁代"
qaz12994,"@喜多郁代"
qaz19wsx96,"@早坂愛"
qaz223gy,"@早坂愛"
qaz2266412,"@早坂愛"
qaz95677,"@喜多郁代"
qazaqqazaqqq,"@喜多郁代"
qazw222,"@喜多郁代"
qazwsx0219,"@喜多郁代"
qazwsx663125,"@早坂愛"
qazxsw0803,"@早坂愛"
qd6590,"@喜多郁代"
qewadszxc,"@早坂愛"
qogg2099,"@早坂愛"
qoo10844,"@早坂愛"
qoo60606,"@早坂愛"
qoo8327,"@早坂愛"
qq851211,"@喜多郁代"
qqq3892005,"@喜多郁代"
qqqaz9527tw,"@早坂愛"
qscgyazx,"@喜多郁代"
qsxdr456,"@早坂愛"
qttcortex1,"@喜多郁代"
quair,"@早坂愛"
quanemetig,"@早坂愛"
quite,"@早坂愛"
qumai,"@早坂愛"
qwas998877,"@喜多郁代"
qwe04687,"@早坂愛"
qwe53120,"@喜多郁代"
qwe59qwe59,"@早坂愛"
qwe777,"@喜多郁代"
qwe854557,"@早坂愛"
qwefghzxc,"@早坂愛"
qwer2687,"@喜多郁代"
qwer338859,"@早坂愛"
qwer78569515,"@喜多郁代"
qwer8355,"@早坂愛"
qwer951753,"@早坂愛"
qwerty110,"@早坂愛"
qwerty22,"@喜多郁代"
qwerty6z,"@早坂愛"
qwertyasdfgh,"@早坂愛"
r020412172,"@早坂愛"
r05066,"@喜多郁代"
r12345612345,"@喜多郁代"
r124906623,"@喜多郁代"
r1o1s2c5o,"@早坂愛"
r22742557,"@早坂愛"
r60214,"@喜多郁代"
r6ae85w,"@早坂愛"
r901700216,"@早坂愛"
rabbit321,"@早坂愛"
rabbit44,"@喜多郁代"
rabbitmouse,"@早坂愛"
rabbitw7777,"@喜多郁代"
radeon704,"@喜多郁代"
radeon704,"@喜多郁代"
ragnarok7,"@喜多郁代"
raidmaid,"@早坂愛"
rainbowteemo,"@早坂愛"
raincat29,"@早坂愛"
rainxo6p,"@早坂愛"
rairobin,"@早坂愛"
raku3375882,"@喜多郁代"
ralice0113,"@早坂愛"
ralph409409,"@早坂愛"
rance12395,"@喜多郁代"
rankace,"@早坂愛"
ranredy,"@喜多郁代"
rantea7m,"@喜多郁代"
rara3311,"@早坂愛"
rasengan9155,"@喜多郁代"
rattyew,"@早坂愛"
ray05916,"@早坂愛"
ray10133,"@喜多郁代"
ray10133,"@早坂愛"
ray1478953,"@喜多郁代"
ray33,"@早坂愛"
ray55667788,"@早坂愛"
ray6031515,"@早坂愛"
ray810450,"@喜多郁代"
ray930151,"@喜多郁代"
rayark2016,"@喜多郁代"
rayccccc,"@喜多郁代"
rayccccc,"@喜多郁代"
rayccccc,"@喜多郁代"
rayccccc,"@喜多郁代"
rayccccc,"@喜多郁代"
rayccccc,"@早坂愛"
rayccccc,"@喜多郁代"
rayccccc,"@早坂愛"
rayccccc,"@早坂愛"
raychin4563,"@早坂愛"
rayisgreat,"@早坂愛"
raymaxash,"@早坂愛"
rayray1983,"@早坂愛"
rayyyy,"@早坂愛"
rayyyy,"@早坂愛"
re12548,"@喜多郁代"
reLINK,"@喜多郁代"
reader2714,"@早坂愛"
realFree2911,"@早坂愛"
realion,"@早坂愛"
recreatefox,"@喜多郁代"
recursive,"@早坂愛"
red89617,"@喜多郁代"
redbat3,"@喜多郁代"
redpower,"@喜多郁代"
redright,"@喜多郁代"
reenwit,"@早坂愛"
reeserrrrrrr,"@早坂愛"
reexamor,"@早坂愛"
refelt,"@喜多郁代"
rei196,"@喜多郁代"
reiandling,"@喜多郁代"
reiden,"@早坂愛"
reko7379,"@早坂愛"
relyt,"@喜多郁代"
reminsky,"@喜多郁代"
remsuki,"@喜多郁代"
rengargg,"@喜多郁代"
renna038766,"@喜多郁代"
repot,"@喜多郁代"
reticentSdy,"@喜多郁代"
return124,"@早坂愛"
rex0999,"@早坂愛"
rex312026,"@喜多郁代"
rex941005,"@早坂愛"
rex978956,"@早坂愛"
rexhongx2040,"@喜多郁代"
rexjian0408,"@早坂愛"
rexkajan,"@早坂愛"
rey123123,"@早坂愛"
rezoy0012,"@早坂愛"
rh6477,"@喜多郁代"
rice0617,"@喜多郁代"
rich411557,"@早坂愛"
rick917,"@早坂愛"
rickphyman42,"@早坂愛"
ricky2021,"@喜多郁代"
ricky77525,"@喜多郁代"
rickydai888,"@喜多郁代"
rickyrock,"@喜多郁代"
ridenhour9,"@喜多郁代"
rimfire,"@喜多郁代"
rin0sin,"@早坂愛"
ringer168,"@喜多郁代"
riooies,"@喜多郁代"
ririoshi,"@早坂愛"
riviera1020,"@喜多郁代"
rizalpiggy,"@喜多郁代"
rjk1633,"@早坂愛"
rkc468,"@喜多郁代"
rkl,"@早坂愛"
roalan8188,"@早坂愛"
roamwind,"@喜多郁代"
robinholmes,"@喜多郁代"
roc0212777,"@喜多郁代"
roc24,"@早坂愛"
rochiou28,"@喜多郁代"
rock3752,"@早坂愛"
rockprince,"@早坂愛"
rockzerox,"@早坂愛"
rocmp,"@早坂愛"
rodd12345,"@喜多郁代"
roger2623900,"@喜多郁代"
roger54088,"@喜多郁代"
roger8695,"@早坂愛"
roger8695,"@早坂愛"
rogerkidd,"@早坂愛"
rollglis,"@早坂愛"
romeie06,"@早坂愛"
ronald0000,"@早坂愛"
roroball,"@喜多郁代"
rotusea,"@早坂愛"
roy047,"@早坂愛"
roy1100012,"@早坂愛"
roy19991013,"@喜多郁代"
roystorm,"@早坂愛"
rpg666123,"@早坂愛"
rq654,"@喜多郁代"
rsbbs0611428,"@早坂愛"
rtyrty3324,"@早坂愛"
rtyuhbvfg,"@喜多郁代"
rtyui753,"@喜多郁代"
ru87878787,"@喜多郁代"
rul284dl,"@早坂愛"
runhao,"@喜多郁代"
rurica,"@早坂愛"
rurusun,"@喜多郁代"
ruruxxxx2003,"@早坂愛"
ruruzer,"@喜多郁代"
ruserpentes,"@喜多郁代"
rushio,"@喜多郁代"
rusupiku,"@早坂愛"
rutp6j35566,"@喜多郁代"
rx3560,"@喜多郁代"
rx3560,"@喜多郁代"
ry51741,"@早坂愛"
ryan8037802,"@早坂愛"
ryan8409,"@喜多郁代"
ryan86423626,"@喜多郁代"
ryanmulee,"@喜多郁代"
ryanyee,"@早坂愛"
rydia1226,"@喜多郁代"
ryo61717,"@早坂愛"
ryouka8610,"@喜多郁代"
ryt22316,"@喜多郁代"
ryu1735,"@早坂愛"
s055257,"@喜多郁代"
s07b06,"@早坂愛"
s1020111,"@早坂愛"
s1021855,"@早坂愛"
s10625249,"@喜多郁代"
s11998093,"@早坂愛"
s12108478,"@喜多郁代"
s1326520,"@喜多郁代"
s1d87,"@早坂愛"
s20116,"@喜多郁代"
s210125,"@喜多郁代"
s22shadowl,"@喜多郁代"
s23090037,"@喜多郁代"
s25g5d4,"@喜多郁代"
s25g5d4,"@喜多郁代"
s3457,"@早坂愛"
s42112005,"@早坂愛"
s5016335,"@喜多郁代"
s5315s3302s,"@早坂愛"
s6242316,"@喜多郁代"
s67639,"@喜多郁代"
s67769,"@早坂愛"
s7904018,"@早坂愛"
s800112s,"@早坂愛"
s80247,"@早坂愛"
s83527,"@早坂愛"
s84269321,"@喜多郁代"
s86141123,"@喜多郁代"
s869225,"@喜多郁代"
s87879961,"@喜多郁代"
s880684,"@早坂愛"
s8900117,"@早坂愛"
s8900309,"@早坂愛"
s91031cc,"@早坂愛"
s910408,"@早坂愛"
s92220,"@早坂愛"
s9351516,"@早坂愛"
s93802,"@早坂愛"
s9451204,"@喜多郁代"
s950260,"@喜多郁代"
s960908,"@早坂愛"
s971922,"@喜多郁代"
s9778010,"@早坂愛"
s9m87o,"@喜多郁代"
sa528916,"@早坂愛"
sa810122,"@喜多郁代"
saa930019,"@喜多郁代"
saberfighter,"@喜多郁代"
sabertomoaki,"@喜多郁代"
saberwong,"@喜多郁代"
sad0soul,"@喜多郁代"
sadmonkey,"@喜多郁代"
saep,"@早坂愛"
saffron27,"@喜多郁代"
sage0719,"@早坂愛"
sai0224sai,"@早坂愛"
saiga12416,"@早坂愛"
sail28,"@早坂愛"
saintmagic,"@喜多郁代"
saintx,"@早坂愛"
sakaya00,"@喜多郁代"
sakuracosiki,"@早坂愛"
sakurarein,"@喜多郁代"
salamander1,"@早坂愛"
salk1203,"@早坂愛"
sam0533,"@早坂愛"
sam10744,"@喜多郁代"
sam222e,"@喜多郁代"
sam22334,"@早坂愛"
sam40512,"@早坂愛"
sam850211,"@喜多郁代"
sam850718,"@早坂愛"
sam910037,"@喜多郁代"
sam9559,"@早坂愛"
samaplefun,"@早坂愛"
same60710,"@喜多郁代"
samejoe,"@喜多郁代"
samho225,"@早坂愛"
samisokok,"@早坂愛"
samkang55,"@早坂愛"
samkiller200,"@喜多郁代"
samuel0330,"@早坂愛"
samuel8746,"@喜多郁代"
samurai90313,"@早坂愛"
sandiegopadr,"@早坂愛"
sanji924,"@喜多郁代"
sanpo0108,"@喜多郁代"
sardine07,"@喜多郁代"
sars2209,"@喜多郁代"
sartrego,"@早坂愛"
sasaya303,"@早坂愛"
sashimi8535,"@早坂愛"
sasori0799,"@早坂愛"
sasuke026,"@早坂愛"
sating00,"@早坂愛"
satorihane,"@早坂愛"
satsuki1826,"@早坂愛"
saturday5566,"@喜多郁代"
saturn22k,"@早坂愛"
savxyseard,"@早坂愛"
sawa26,"@喜多郁代"
sawyerwu,"@早坂愛"
saxoldlin,"@早坂愛"
sb13125,"@喜多郁代"
sbhweare,"@早坂愛"
sc005592,"@喜多郁代"
scarbywind,"@喜多郁代"
scarletshot,"@喜多郁代"
scatman,"@喜多郁代"
scattie,"@喜多郁代"
scfdelay,"@早坂愛"
scholar,"@早坂愛"
scorpioz,"@喜多郁代"
scott032,"@喜多郁代"
scott67871,"@早坂愛"
scott8257,"@早坂愛"
scottham,"@喜多郁代"
scotttomlee,"@喜多郁代"
scps990707,"@喜多郁代"
scumman,"@早坂愛"
sd921305,"@喜多郁代"
sdaz7841,"@喜多郁代"
sdfghlklk,"@喜多郁代"
sdggf2k,"@喜多郁代"
sdlien3891,"@早坂愛"
sdolphinyo,"@喜多郁代"
se2104,"@喜多郁代"
se2422,"@早坂愛"
seagood,"@喜多郁代"
sealwow,"@早坂愛"
sean1436,"@喜多郁代"
sean1813,"@早坂愛"
sean4103,"@早坂愛"
sean910587,"@喜多郁代"
seanlinxxgd,"@喜多郁代"
seanliu0623,"@早坂愛"
seanpai,"@喜多郁代"
seanyih,"@早坂愛"
seaoftmr,"@喜多郁代"
secretwings,"@喜多郁代"
sectionnine,"@早坂愛"
seed7788seed,"@早坂愛"
seeker3939,"@喜多郁代"
seeseeyou689,"@喜多郁代"
seeyoumylove,"@早坂愛"
sekirena,"@喜多郁代"
semalin,"@喜多郁代"
semiacicada,"@喜多郁代"
sento500,"@喜多郁代"
serene0414,"@喜多郁代"
serenitymice,"@早坂愛"
sesame90152,"@早坂愛"
setsuha,"@早坂愛"
seventyAnd7,"@早坂愛"
seville95,"@早坂愛"
sexycute,"@喜多郁代"
sexydinosaur,"@早坂愛"
sexydream,"@早坂愛"
sfgzgmfx20a,"@喜多郁代"
sg1987,"@喜多郁代"
sgps,"@早坂愛"
sh021515,"@早坂愛"
sh9305,"@早坂愛"
sh960702,"@喜多郁代"
shabby,"@喜多郁代"
shadow01598,"@早坂愛"
shadow1123,"@喜多郁代"
shadow6571,"@早坂愛"
shan2420EE,"@喜多郁代"
shanaConpx,"@早坂愛"
shanaandlai,"@早坂愛"
shandon,"@喜多郁代"
shane7968,"@早坂愛"
shanjie,"@喜多郁代"
shanpan0412,"@喜多郁代"
shaojun,"@喜多郁代"
sharkman,"@早坂愛"
shaugiagn,"@早坂愛"
shawjiunnluo,"@喜多郁代"
shawn0627,"@喜多郁代"
shawn15963,"@早坂愛"
shawnking,"@早坂愛"
shaxishagym,"@喜多郁代"
shayne5626,"@喜多郁代"
sheboy0321,"@早坂愛"
sheep1207,"@喜多郁代"
sheep531531,"@早坂愛"
sheepdogfly,"@早坂愛"
sheng76314,"@早坂愛"
shenwei2k1,"@喜多郁代"
sherlock0825,"@早坂愛"
sherry0806,"@喜多郁代"
sheu114114,"@喜多郁代"
shi1920,"@喜多郁代"
shield739,"@喜多郁代"
shifa,"@早坂愛"
shifu1017,"@早坂愛"
shihpoyen,"@喜多郁代"
shikemurajy,"@早坂愛"
shin1881,"@早坂愛"
shine0510,"@喜多郁代"
shingekichu,"@喜多郁代"
shinny1206,"@早坂愛"
shinou25,"@喜多郁代"
shintz,"@早坂愛"
shiow1026,"@早坂愛"
shirauoshiso,"@喜多郁代"
shirmp,"@早坂愛"
shirmp,"@早坂愛"
shirokaze,"@喜多郁代"
shiyobu,"@喜多郁代"
shlolicon,"@早坂愛"
shock0905,"@早坂愛"
shogw,"@喜多郁代"
shoneshan,"@喜多郁代"
shos,"@喜多郁代"
show0916616,"@早坂愛"
showdown,"@喜多郁代"
shownlin,"@喜多郁代"
shoya,"@早坂愛"
shrigo,"@早坂愛"
shrigo,"@早坂愛"
shrimp429,"@早坂愛"
shrimp815,"@喜多郁代"
shrimpp2,"@早坂愛"
shrimpp2,"@早坂愛"
shtmn,"@喜多郁代"
shuhonggg,"@早坂愛"
shulado,"@喜多郁代"
shung0503,"@喜多郁代"
shuohong,"@早坂愛"
si87037,"@喜多郁代"
siahxe95,"@早坂愛"
sibin,"@喜多郁代"
sidedish0707,"@早坂愛"
sidney87812,"@早坂愛"
sieda,"@喜多郁代"
silenceT,"@早坂愛"
silentedger,"@喜多郁代"
silentknight,"@早坂愛"
silentvow,"@喜多郁代"
silmarils,"@早坂愛"
silver8210,"@喜多郁代"
silverray,"@早坂愛"
simakaze,"@喜多郁代"
simon4096,"@早坂愛"
simonbear,"@早坂愛"
sinalpha,"@喜多郁代"
sinan1989,"@喜多郁代"
sincere77,"@喜多郁代"
sioprr,"@早坂愛"
sirensilent0,"@喜多郁代"
sirinono,"@早坂愛"
siro0207,"@早坂愛"
sirusi,"@早坂愛"
siv360p,"@早坂愛"
sj101310,"@早坂愛"
sjc0625,"@喜多郁代"
sk1683fat,"@喜多郁代"
skair,"@早坂愛"
skalt,"@早坂愛"
sket360ip,"@早坂愛"
ski123,"@喜多郁代"
skor321,"@早坂愛"
sky070650,"@早坂愛"
sky2085,"@喜多郁代"
sky215223,"@早坂愛"
sky24421,"@喜多郁代"
skybin,"@早坂愛"
skyblue351,"@早坂愛"
skyfine,"@喜多郁代"
skyitmexp,"@早坂愛"
skylernoise,"@早坂愛"
skyline9981,"@喜多郁代"
skylove21,"@早坂愛"
skywalker001,"@喜多郁代"
skywendy,"@喜多郁代"
slayer6603,"@早坂愛"
sleepyeye,"@早坂愛"
slenderbeef,"@早坂愛"
slimc0527,"@早坂愛"
slkdfert012,"@喜多郁代"
slog881122,"@喜多郁代"
slon,"@喜多郁代"
slowsoul1998,"@早坂愛"
slugFish,"@早坂愛"
sm460662,"@早坂愛"
sm801101,"@喜多郁代"
smallfei79,"@早坂愛"
smalljacky03,"@早坂愛"
smallsalix,"@早坂愛"
smallsix,"@早坂愛"
smanubis1,"@喜多郁代"
smdmaps,"@喜多郁代"
smel0722,"@早坂愛"
smel0722,"@早坂愛"
smes95303,"@喜多郁代"
smics,"@早坂愛"
smile0120,"@喜多郁代"
smile29,"@早坂愛"
smilefun1996,"@喜多郁代"
smileverday,"@喜多郁代"
smileyguy,"@早坂愛"
smithjr,"@喜多郁代"
snaketsai,"@喜多郁代"
snbftmb,"@早坂愛"
sneakjack,"@早坂愛"
snocia,"@早坂愛"
snow0915s,"@喜多郁代"
snowandsea,"@早坂愛"
snowdd0103,"@喜多郁代"
snowlazurite,"@喜多郁代"
soare,"@喜多郁代"
socotia,"@早坂愛"
socurlycurly,"@早坂愛"
soledad6564,"@早坂愛"
solemnDan,"@早坂愛"
solitary0,"@早坂愛"
some61321,"@喜多郁代"
soniawu,"@早坂愛"
sonic171717,"@早坂愛"
sonic357082,"@喜多郁代"
sonicXD,"@喜多郁代"
sonicsteroid,"@喜多郁代"
sonk,"@早坂愛"
sonow,"@早坂愛"
sony0223098,"@早坂愛"
sonyscei,"@早坂愛"
sopdet,"@喜多郁代"
sora10032,"@喜多郁代"
sora333000,"@早坂愛"
soren55200,"@早坂愛"
sorochis,"@早坂愛"
sorrow0206,"@喜多郁代"
sosoway,"@喜多郁代"
sotali306,"@早坂愛"
soula,"@早坂愛"
soulelfin,"@早坂愛"
soysfox0421,"@喜多郁代"
space3029,"@喜多郁代"
spanishwa,"@喜多郁代"
spartain,"@早坂愛"
speedup1104,"@喜多郁代"
spencer3526,"@喜多郁代"
spicysmall,"@喜多郁代"
spicyway,"@喜多郁代"
spondee,"@喜多郁代"
spongegod,"@喜多郁代"
spot5566,"@早坂愛"
sppawell,"@早坂愛"
springcrocus,"@喜多郁代"
srein,"@喜多郁代"
srir,"@喜多郁代"
ss33ss18,"@喜多郁代"
ss33ss18,"@喜多郁代"
ss3752,"@喜多郁代"
ss70012,"@早坂愛"
ss77995ss,"@早坂愛"
ss8077919,"@喜多郁代"
ss8901234,"@喜多郁代"
ssaaiiuu,"@早坂愛"
ssbv0123,"@喜多郁代"
ssd860505da,"@喜多郁代"
ssdd123589,"@早坂愛"
sses60802,"@早坂愛"
ssppyy,"@喜多郁代"
sss1524,"@喜多郁代"
ssshleo,"@喜多郁代"
sstanley2,"@早坂愛"
st06208815,"@早坂愛"
st180916,"@喜多郁代"
st180916,"@喜多郁代"
st9240208,"@早坂愛"
st96135,"@喜多郁代"
st986203,"@早坂愛"
stacysha,"@早坂愛"
stanleyWtf,"@喜多郁代"
stanwilson,"@早坂愛"
starbeats,"@早坂愛"
stardream,"@早坂愛"
stardream226,"@喜多郁代"
stargd99,"@早坂愛"
starkiller13,"@喜多郁代"
starship3,"@喜多郁代"
steakisgood,"@早坂愛"
steeth,"@早坂愛"
stefanjay,"@早坂愛"
steve2512,"@早坂愛"
steve655021,"@早坂愛"
steveliao295,"@喜多郁代"
steveliuiswg,"@早坂愛"
steven183,"@喜多郁代"
steven200409,"@早坂愛"
steven3231,"@喜多郁代"
steven60707,"@早坂愛"
steven61216,"@早坂愛"
steven853,"@喜多郁代"
stevenchiang,"@早坂愛"
stevenhyh,"@早坂愛"
stewart80591,"@早坂愛"
stick6209,"@喜多郁代"
stiky7624,"@早坂愛"
stkoso,"@早坂愛"
stone35281,"@喜多郁代"
stonecoldii,"@喜多郁代"
stormcrow,"@早坂愛"
storyo11413,"@早坂愛"
strfreedom,"@早坂愛"
strongbilly,"@早坂愛"
stry,"@早坂愛"
stu199712,"@早坂愛"
stu91312,"@喜多郁代"
stuart60513,"@喜多郁代"
stussy,"@早坂愛"
stzjn,"@早坂愛"
su1995,"@喜多郁代"
su1995,"@喜多郁代"
su72mei,"@早坂愛"
suanruei,"@喜多郁代"
subing,"@早坂愛"
suckyou0313,"@早坂愛"
suggestjoy,"@早坂愛"
sugirlywish,"@早坂愛"
suiyan,"@早坂愛"
suki2022,"@喜多郁代"
suliwen76,"@喜多郁代"
summer99525,"@早坂愛"
sun7911,"@喜多郁代"
sunlman,"@早坂愛"
sunnyorrainy,"@喜多郁代"
super1937,"@喜多郁代"
superbreads,"@喜多郁代"
supersonic90,"@喜多郁代"
suptofu,"@早坂愛"
sus4noo7022,"@喜多郁代"
sussertod,"@喜多郁代"
suxen1094,"@喜多郁代"
suzuro,"@喜多郁代"
svetlana0913,"@早坂愛"
svool,"@早坂愛"
svslan,"@喜多郁代"
sw9294,"@喜多郁代"
swift236,"@喜多郁代"
swiftthunder,"@早坂愛"
swordmr20,"@早坂愛"
swps40309,"@喜多郁代"
swqswq2009,"@早坂愛"
sylviachen03,"@早坂愛"
syriana,"@喜多郁代"
system303179,"@喜多郁代"
szx5986902,"@喜多郁代"
t1000xuite,"@早坂愛"
t128595,"@喜多郁代"
t186355213,"@早坂愛"
t198976,"@喜多郁代"
t19960512,"@喜多郁代"
t29305535,"@早坂愛"
t36085520,"@早坂愛"
t4668937,"@早坂愛"
t510599,"@喜多郁代"
t6alter,"@喜多郁代"
t72312,"@早坂愛"
t7556281,"@喜多郁代"
t88002,"@喜多郁代"
t93149,"@喜多郁代"
t98113025,"@喜多郁代"
tab222777,"@喜多郁代"
taco0317,"@喜多郁代"
taco303,"@喜多郁代"
tacodrem,"@早坂愛"
taiwanbear1,"@早坂愛"
taiwangu,"@早坂愛"
taiwanstrike,"@早坂愛"
taiyaki035,"@喜多郁代"
takeda0727,"@早坂愛"
tako745145,"@喜多郁代"
takuchan,"@喜多郁代"
taldehyde,"@喜多郁代"
tamy0695,"@喜多郁代"
tank999,"@喜多郁代"
tarorange,"@喜多郁代"
tarowaha,"@喜多郁代"
taruru,"@早坂愛"
tatgg2007,"@喜多郁代"
taurussam,"@早坂愛"
tc130,"@早坂愛"
tccorch,"@早坂愛"
tcfsh510,"@喜多郁代"
tckand,"@早坂愛"
tcssh31235,"@早坂愛"
tcus,"@喜多郁代"
td789456123,"@早坂愛"
tearcross,"@早坂愛"
tearmaple,"@早坂愛"
ted810520,"@喜多郁代"
tedandjolin,"@早坂愛"
tedc21thc,"@喜多郁代"
teddymino,"@喜多郁代"
tedpayan,"@喜多郁代"
telly9575,"@早坂愛"
templewei,"@喜多郁代"
tempojo,"@喜多郁代"
temsroluan,"@喜多郁代"
ten0110,"@喜多郁代"
tenlo4280,"@喜多郁代"
tenpush,"@早坂愛"
tenrazor1030,"@早坂愛"
teptjmex,"@喜多郁代"
tera1125,"@喜多郁代"
teradayuki,"@早坂愛"
teresa4785,"@早坂愛"
terry88219,"@喜多郁代"
terry910333,"@早坂愛"
terrybro0821,"@早坂愛"
terrychan49,"@喜多郁代"
tf010714,"@喜多郁代"
tfyzgmf,"@早坂愛"
thatblue,"@早坂愛"
theeHee,"@喜多郁代"
theend01,"@早坂愛"
theevilM,"@喜多郁代"
thefomalhaut,"@早坂愛"
thelittleone,"@早坂愛 完美女僕就是妳了"
thereunder,"@早坂愛"
theshape87,"@喜多郁代"
thetakerone,"@喜多郁代"
thibw13ug1,"@喜多郁代"
thing10063,"@早坂愛"
thisresidue,"@早坂愛"
thomas35850,"@喜多郁代"
threimu,"@喜多郁代"
thumbd000,"@早坂愛"
thwasdf,"@喜多郁代"
tiaushiwan,"@喜多郁代"
tidalkraken,"@喜多郁代"
tiennalolz,"@喜多郁代"
tigerbt,"@早坂愛"
tigerlolz,"@早坂愛"
tikusa844,"@喜多郁代"
tim0821,"@喜多郁代"
tim1112,"@早坂愛"
tim1112,"@早坂愛"
tim19131,"@早坂愛"
tim479974,"@早坂愛"
tim860628,"@喜多郁代"
timber777,"@喜多郁代"
timeExecutor,"@早坂愛"
timmerix,"@喜多郁代"
timmmit,"@喜多郁代"
timmykao,"@喜多郁代"
timsun105,"@早坂愛"
timthelord,"@早坂愛"
timwei0626,"@早坂愛"
tingmayday,"@喜多郁代"
tingting6960,"@早坂愛"
tino89511992,"@喜多郁代"
tjen1227,"@早坂愛"
tkc7,"@喜多郁代"
tliu257,"@早坂愛"
tn00126511,"@早坂愛"
tniderpp,"@早坂愛"
toastegg,"@喜多郁代"
tobias114,"@喜多郁代"
toby629a,"@早坂愛"
tofay000,"@喜多郁代"
tokiki123,"@早坂愛"
tokubetsu,"@早坂愛"
tom0000p,"@早坂愛"
tom12122323,"@早坂愛"
tom606f4,"@早坂愛"
tom840417,"@喜多郁代"
tomatobear,"@喜多郁代"
tomcruse,"@早坂愛"
tomjunxxx,"@早坂愛"
tommy1113,"@早坂愛"
tommy5326,"@早坂愛"
tommy5617,"@喜多郁代"
tommy89082,"@喜多郁代"
tomwu1993,"@早坂愛"
tomzakeru,"@喜多郁代"
tone997,"@喜多郁代"
tonsin2976,"@喜多郁代"
tony09100920,"@喜多郁代"
tony11206,"@喜多郁代"
tony1997,"@喜多郁代"
tony313,"@喜多郁代"
tony5481,"@早坂愛"
tony70429,"@喜多郁代"
tony81456200,"@喜多郁代"
tony90122001,"@早坂愛"
tonyandshe,"@喜多郁代"
tonychiao,"@早坂愛"
tonyjimma,"@喜多郁代"
tonylolz,"@喜多郁代"
tonytimmy84,"@喜多郁代"
tooyahaya,"@喜多郁代"
toper,"@喜多郁代"
topnfouo,"@喜多郁代"
torrot,"@早坂愛"
toshii,"@早坂愛"
toto0925,"@早坂愛"
totogood,"@喜多郁代"
totoro12347,"@喜多郁代"
toyog,"@早坂愛"
tp950016,"@喜多郁代"
tpipenguin,"@喜多郁代"
tra777,"@喜多郁代"
tracyming,"@喜多郁代"
tracytswei,"@喜多郁代"
tragiskaode,"@早坂愛"
trainuncle,"@喜多郁代"
tranquit,"@早坂愛"
trashBF,"@喜多郁代"
tree8810,"@喜多郁代"
treeangel,"@早坂愛"
trhrh,"@早坂愛"
triangle0425,"@早坂愛"
trick1014,"@喜多郁代"
triplebaka,"@早坂愛"
trmskkr,"@早坂愛"
trogtor,"@早坂愛"
truegod000,"@早坂愛"
trw10208,"@早坂愛"
tryit0902,"@喜多郁代"
ts00380362,"@早坂愛"
ts03797752,"@喜多郁代"
ts1993,"@喜多郁代"
tsYe,"@早坂愛"
tsaiedward,"@喜多郁代"
tsehsuan1102,"@喜多郁代"
tsengkevin,"@早坂愛"
tsgd,"@早坂愛"
tso1633128,"@早坂愛"
tsp870197,"@喜多郁代"
tsubame0800,"@喜多郁代"
tsukasaxx,"@早坂愛"
tsukirit,"@喜多郁代"
tsukiruru,"@早坂愛"
tt748596,"@喜多郁代"
ttlun,"@早坂愛"
ttnbkdeoo,"@喜多郁代"
ttrop,"@喜多郁代"
ttyourpp,"@喜多郁代"
ttyy345889,"@早坂愛"
tulacu,"@喜多郁代"
tung3d37,"@喜多郁代"
turboshen,"@早坂愛"
turtle87690,"@喜多郁代"
tuskasa,"@喜多郁代"
tuwulisu6111,"@早坂愛"
tuxie,"@喜多郁代"
tw11509,"@喜多郁代"
tw15,"@喜多郁代"
twVent,"@早坂愛"
twjames85119,"@早坂愛"
twowoods,"@早坂愛"
tyc1126,"@早坂愛"
tyc2356,"@早坂愛"
tyhcm,"@早坂愛"
tylor7770,"@早坂愛"
tyneh,"@喜多郁代"
tyngru99,"@早坂愛"
type79,"@早坂愛"
tyr2004,"@早坂愛"
tyrant123,"@早坂愛"
tzj09,"@喜多郁代"
tzyysang,"@喜多郁代"
u06oscar,"@喜多郁代"
u10313335,"@喜多郁代"
u9911071,"@早坂愛"
ubcs,"@早坂愛"
uber69,"@早坂愛"
uccu0079,"@早坂愛"
ue28,"@早坂愛"
uegajde,"@早坂愛"
ufo559,"@喜多郁代"
uhfuhf,"@喜多郁代"
uikmn4455,"@喜多郁代"
uiue,"@早坂愛"
uj9532684,"@早坂愛"
ukimenustah3,"@早坂愛"
ukiojj,"@喜多郁代"
uligaga,"@早坂愛"
uloyoy,"@早坂愛"
umapyoisuki,"@早坂愛"
umidaisuki,"@早坂愛"
unciax,"@喜多郁代"
undeadmask,"@早坂愛"
unfire,"@早坂愛"
unidi860313,"@早坂愛"
unio7,"@喜多郁代"
universeor,"@喜多郁代"
uoyevoltnaw,"@早坂愛"
ur8ru8,"@喜多郁代"
urju,"@喜多郁代"
usemane,"@早坂愛"
usmaik,"@早坂愛"
uthinkz,"@早坂愛"
utmsb,"@早坂愛"
uuturn,"@早坂愛"
uxy82,"@喜多郁代"
v12332172002,"@早坂愛"
vOuOb,"@早坂愛"
vacuesen,"@早坂愛"
vaguecorner,"@早坂愛"
vankojau,"@喜多郁代"
vapour1001,"@早坂愛"
vboyssean,"@早坂愛"
vcbcgc1748,"@早坂愛"
vector0U1,"@早坂愛"
vermilionred,"@早坂愛"
vespa777,"@喜多郁代"
vhunter,"@早坂愛"
viceten,"@早坂愛"
viceten,"@早坂愛"
vicisicdtwas,"@早坂愛"
vickevin1,"@早坂愛"
victor0lynn,"@早坂愛"
victory0044,"@喜多郁代"
vig077,"@喜多郁代"
village0817,"@早坂愛"
vinc81,"@早坂愛"
vincent0326,"@早坂愛"
vincent0720,"@早坂愛"
vincent8914,"@早坂愛"
vincentjun,"@喜多郁代"
vincentlego,"@早坂愛"
vintage7,"@早坂愛"
violacrystal,"@早坂愛"
virgoshaka,"@早坂愛"
virus44,"@早坂愛"
virusDA,"@早坂愛"
vm06wl,"@早坂愛"
vm3u4au6,"@早坂愛"
vokwei,"@早坂愛"
vul31l3m4m3,"@喜多郁代"
vul35454,"@早坂愛"
vupp1818,"@早坂愛"
vvbear,"@喜多郁代"
vyg156230,"@喜多郁代"
vyrngbhtf,"@喜多郁代"
w0806x,"@喜多郁代"
w1124124,"@早坂愛"
w11918,"@喜多郁代"
w23077496,"@早坂愛"
w2570,"@早坂愛"
w2d139507,"@喜多郁代"
w3336042,"@早坂愛"
w520670,"@早坂愛"
w83s8300,"@早坂愛"
w9515,"@喜多郁代"
wa782653,"@早坂愛"
wa87031022,"@早坂愛"
wacoal,"@早坂愛"
wadezero,"@早坂愛"
waeomi,"@喜多郁代"
wafcab,"@喜多郁代"
wai0806,"@喜多郁代"
waiting87,"@早坂愛"
waiwaiting,"@喜多郁代"
walteryui,"@早坂愛"
wamich05,"@早坂愛"
wan0zei,"@喜多郁代"
wan14066456,"@早坂愛"
wangan0924,"@早坂愛"
wanghuang,"@喜多郁代"
wangjk812,"@喜多郁代"
wangkc994,"@喜多郁代"
wangry001,"@早坂愛"
wangusa,"@早坂愛"
warcim,"@早坂愛"
warmsnow,"@喜多郁代"
warrar,"@喜多郁代"
warrence5566,"@喜多郁代"
warrenchen,"@喜多郁代"
warrigal,"@早坂愛"
wasai0424,"@早坂愛"
wasbass,"@早坂愛"
wasd1020908,"@早坂愛"
wastony1107,"@喜多郁代"
watchout119,"@喜多郁代"
water903,"@早坂愛"
waterrr,"@早坂愛"
waterseven5,"@喜多郁代"
wayne0215,"@喜多郁代"
wayne0815,"@早坂愛"
wayne22884,"@早坂愛"
wayne41035,"@喜多郁代"
wayne711,"@喜多郁代"
wayne800530,"@早坂愛"
wayne83212,"@喜多郁代"
waynelaio,"@早坂愛"
wayneshih,"@喜多郁代"
waywingway,"@早坂愛"
wbt77hsy,"@早坂愛"
wd1361253,"@喜多郁代"
wdjung,"@早坂愛"
we81712,"@喜多郁代 沉默的多數該出動了！"
wearytolove,"@喜多郁代"
weatherhack,"@早坂愛"
web946719,"@早坂愛"
webber1225,"@早坂愛"
webberfun,"@早坂愛"
weck09,"@喜多郁代"
weebeer626,"@喜多郁代"
weeeeeeds,"@早坂愛"
weeeeu,"@喜多郁代"
weer87936,"@早坂愛"
wei0207,"@喜多郁代"
wei821101,"@早坂愛"
weifarm,"@喜多郁代"
weil527,"@喜多郁代"
weiwei21009,"@早坂愛"
weiweiweiwei,"@喜多郁代"
wellwest,"@喜多郁代"
welynn,"@喜多郁代"
wen1612,"@喜多郁代"
wen789664,"@早坂愛"
wenx1002,"@早坂愛"
wer555125,"@早坂愛"
weron,"@早坂愛"
wertes,"@早坂愛"
when12love34,"@喜多郁代"
whereever,"@喜多郁代"
whiskeyleo,"@早坂愛"
whistlerhu,"@喜多郁代"
whiteash,"@早坂愛"
whitebk,"@喜多郁代"
whitecygnus,"@早坂愛"
whitemitch,"@喜多郁代"
whiwhiwhi,"@喜多郁代"
whosu,"@早坂愛"
whovegone,"@喜多郁代"
wi1221,"@喜多郁代"
wiiann,"@早坂愛"
will30119,"@喜多郁代"
william00,"@早坂愛"
william0406,"@早坂愛"
william45682,"@喜多郁代"
william83060,"@喜多郁代"
williamliao,"@喜多郁代"
willie40105,"@早坂愛"
willieSin,"@早坂愛"
willsonlee,"@喜多郁代"
willy911006,"@喜多郁代"
willyptt,"@喜多郁代"
wilson1886,"@喜多郁代"
wilson666666,"@早坂愛"
win305566,"@早坂愛"
windflysky,"@喜多郁代"
windletterz,"@喜多郁代"
windmars,"@早坂愛"
windowred,"@早坂愛"
windowsill,"@早坂愛"
windowxp,"@喜多郁代"
windqqr,"@喜多郁代"
windr,"@早坂愛"
windr,"@早坂愛"
wing055,"@早坂愛"
winston11tw,"@早坂愛"
winterwish,"@早坂愛"
winthfoxy,"@早坂愛"
winwin5566,"@早坂愛"
wishxuso,"@喜多郁代"
wiwi51011,"@早坂愛"
wiyoy24437,"@早坂愛"
wizozd38270,"@早坂愛"
wk415937,"@喜多郁代"
wl00533180,"@早坂愛"
wl01305497,"@早坂愛"
wl01517915,"@喜多郁代"
wl02056684,"@喜多郁代"
wl02608930,"@喜多郁代"
wl4wl469485,"@喜多郁代"
wles85161,"@早坂愛"
wlo2585884,"@喜多郁代"
wlo2746294,"@早坂愛"
woei8904,"@早坂愛"
woneyong,"@喜多郁代"
worstfish613,"@早坂愛"
wow123475,"@喜多郁代"
wpc75,"@早坂愛"
wqasdbqqq,"@喜多郁代"
wrenmax,"@早坂愛"
wres666,"@喜多郁代"
ws36132005,"@喜多郁代"
ws870325,"@喜多郁代"
wseb,"@喜多郁代"
wsm8628,"@喜多郁代"
wsung,"@喜多郁代"
wteee,"@喜多郁代"
wu10200512,"@喜多郁代"
wu860813,"@喜多郁代"
wuidamimi,"@早坂愛"
wumichael,"@喜多郁代"
wuwuman,"@喜多郁代"
wvookevp,"@早坂愛"
ww9966,"@喜多郁代"
wwGFriendww,"@喜多郁代"
wwe0217,"@早坂愛"
www5566,"@喜多郁代"
wwwjong0525,"@早坂愛"
wx321111,"@喜多郁代"
wy7218,"@喜多郁代"
wyrj,"@喜多郁代"
wz26,"@喜多郁代"
x0138774,"@早坂愛"
x01n01n01n,"@早坂愛"
x0857,"@早坂愛"
x09285006,"@喜多郁代"
x111222z,"@早坂愛"
x12345x,"@喜多郁代"
x160231006,"@喜多郁代"
x19005,"@早坂愛"
x5553434,"@早坂愛"
x6urvery,"@早坂愛"
x7479635,"@喜多郁代"
x8031452,"@早坂愛"
x81909,"@早坂愛"
x913301,"@早坂愛"
xAyax,"@喜多郁代"
xGx,"@早坂愛"
xandrewx,"@早坂愛"
xangro,"@早坂愛"
xanthe2,"@早坂愛"
xbit,"@喜多郁代"
xbm940110,"@喜多郁代"
xd123456,"@早坂愛"
xgpwh,"@喜多郁代"
xhenryz,"@早坂愛"
xian,"@喜多郁代"
xiangfly,"@喜多郁代"
xiaodong55,"@喜多郁代"
xiaopango,"@喜多郁代"
xji6xu4yjo41,"@早坂愛"
xkiller1900,"@早坂愛"
xkso,"@早坂愛"
xlymz,"@早坂愛"
xmmef,"@喜多郁代"
xmyth,"@喜多郁代"
xo45527788,"@喜多郁代"
xopowo,"@喜多郁代"
xrayxrayxray,"@早坂愛"
xsc,"@喜多郁代"
xshinlee,"@喜多郁代"
xu32k6m4,"@喜多郁代"
xu3720,"@喜多郁代"
xu3720,"@喜多郁代"
xu3ru8vmp,"@早坂愛"
xu999777,"@早坂愛"
xul4rmpcl4,"@喜多郁代"
xupxl3g,"@早坂愛"
xuzx,"@早坂愛"
xx33208887,"@喜多郁代"
xx985617,"@喜多郁代"
xxMIGxx,"@喜多郁代"
xxchichi,"@早坂愛"
xxkevin,"@喜多郁代"
xxline,"@早坂愛"
xxx222y,"@早坂愛"
xxxu,"@喜多郁代"
xyoras,"@喜多郁代"
xyz50815,"@早坂愛"
xyz90605,"@早坂愛"
xyzabr14,"@喜多郁代"
xzero0911,"@喜多郁代"
y12544,"@早坂愛"
y2468101216,"@喜多郁代"
y85524113,"@喜多郁代"
y9y767,"@早坂愛"
yUanXM5120,"@喜多郁代"
yYHCHOYy,"@喜多郁代"
yaericure,"@喜多郁代"
yafan0453,"@喜多郁代"
yahaha886,"@早坂愛"
yahoo2720,"@早坂愛"
yamadori,"@喜多郁代"
yamaneco,"@早坂愛"
yamiya,"@早坂愛"
yangfeng,"@早坂愛"
yangjam,"@早坂愛"
yangrl,"@早坂愛"
yangyu7745,"@喜多郁代"
yankult0445d,"@早坂愛"
yann03250325,"@早坂愛"
yao03911,"@早坂愛"
yao1998,"@早坂愛"
yaoyuuichi,"@喜多郁代"
yasashii,"@早坂愛"
yat199721,"@早坂愛"
yayaya9487,"@喜多郁代"
yclin931225,"@早坂愛"
yeah8466,"@早坂愛"
yeeeyahei,"@早坂愛"
yehi,"@喜多郁代"
yellowandred,"@喜多郁代"
yendaydream,"@喜多郁代"
yenshun,"@喜多郁代"
yh0065,"@早坂愛"
yhh52367y,"@早坂愛"
yhh52367y,"@早坂愛"
yicijeshun,"@喜多郁代"
yiddishqq,"@喜多郁代"
yingjeou,"@早坂愛"
yinz69,"@喜多郁代"
yinz69,"@喜多郁代"
yishiun,"@喜多郁代"
ylin01738,"@早坂愛"
ymlegendKHP,"@喜多郁代"
ymsc30102,"@早坂愛"
ynnjk147,"@喜多郁代"
yo1804,"@早坂愛"
yohohoho,"@早坂愛"
yololu,"@早坂愛"
yomo2,"@喜多郁代"
yonaka528,"@喜多郁代"
yonggan,"@喜多郁代"
yori,"@喜多郁代"
yoruaka,"@喜多郁代"
yoshi678,"@喜多郁代"
yoshidepon,"@早坂愛"
yoshigi,"@早坂愛"
yosorosun,"@喜多郁代"
you02040800,"@早坂愛"
youdang86,"@喜多郁代"
youiouso1010,"@早坂愛"
youknowwho45,"@早坂愛"
young1024,"@早坂愛"
your025,"@早坂愛"
yourmomb,"@喜多郁代"
yourpenisbad,"@早坂愛"
youtop1,"@早坂愛"
youzen1226,"@喜多郁代"
yovis000,"@早坂愛"
yowayroger,"@喜多郁代"
yoyeahhi,"@早坂愛"
yoyo2134,"@早坂愛"
yoyo86215,"@喜多郁代"
yoyo99931,"@喜多郁代"
yoyojkjk1155,"@早坂愛"
yoyololicon,"@喜多郁代"
yragggc,"@喜多郁代"
yu3ek,"@早坂愛"
yu76666,"@早坂愛"
yu7777,"@早坂愛"
yuan1998,"@早坂愛"
yuanhow,"@喜多郁代"
yuetako,"@喜多郁代"
yuetsu,"@早坂愛"
yuisky,"@早坂愛"
yuizero,"@早坂愛"
yujchen,"@喜多郁代"
yujyo522,"@早坂愛"
yuk4738,"@喜多郁代"
yuki30119,"@喜多郁代"
yukimurakyon,"@喜多郁代"
yukinomywife,"@早坂愛"
yukiyg,"@早坂愛"
yukoia627,"@喜多郁代"
yumenemu610,"@喜多郁代"
yumenemu610,"@喜多郁代"
yumyun,"@喜多郁代"
yunyuan,"@早坂愛"
yuting1222,"@喜多郁代"
yuurin1208,"@喜多郁代"
yuyo1019,"@喜多郁代"
yv0601,"@喜多郁代 喜多川海夢QQ"
ywpeople,"@早坂愛"
yxushinn,"@早坂愛"
yyanuce,"@喜多郁代"
yyeehh,"@喜多郁代"
yyy50521,"@喜多郁代"
yyyboy,"@早坂愛"
yz1120,"@早坂愛"
yz1410aa,"@喜多郁代"
z010529,"@喜多郁代"
z0809449449,"@早坂愛"
z123296,"@早坂愛"
z12345gtr,"@喜多郁代"
z23568903,"@早坂愛"
z2392016,"@早坂愛"
z30275,"@早坂愛"
z3814357,"@喜多郁代"
z4456524005,"@喜多郁代"
z5582143,"@喜多郁代"
z7034947,"@早坂愛"
z7407442,"@早坂愛"
z86489218,"@喜多郁代"
z8888899,"@早坂愛"
zChika,"@早坂愛"
zEnoV,"@喜多郁代"
za91102,"@喜多郁代"
zaaztt23771,"@早坂愛"
zacks000,"@早坂愛"
zaioes,"@喜多郁代"
zamus43,"@早坂愛"
zanyu2664,"@早坂愛"
zaq0415134,"@早坂愛"
zaq1xsw2121,"@喜多郁代"
zaq1xsw21212,"@喜多郁代"
zarg1043,"@早坂愛"
zasx159632,"@早坂愛"
zax2136,"@喜多郁代"
zaxx1542,"@早坂愛"
zaz10113,"@喜多郁代"
zazombie,"@早坂愛"
zball,"@喜多郁代"
zccasd1030,"@喜多郁代"
zealotjacky,"@早坂愛"
zelel,"@喜多郁代"
zen1021,"@喜多郁代"
zen57548,"@早坂愛"
zenki0127,"@喜多郁代"
zephyrwisper,"@早坂愛"
zeristso,"@早坂愛"
zero16002,"@喜多郁代"
zero95154,"@早坂愛"
zgmfzz1313,"@早坂愛"
zhaizhaixian,"@喜多郁代"
zhicat,"@早坂愛"
zhong871201,"@喜多郁代"
zihjing0624,"@早坂愛"
ziyun034,"@早坂愛"
zizc06719,"@早坂愛"
zjing,"@早坂愛"
zjj1390,"@喜多郁代"
zkdzvy22,"@早坂愛"
zmsailo,"@早坂愛"
zoe60417,"@喜多郁代"
zoe87113,"@早坂愛"
zone740108,"@喜多郁代"
zonghanyoyo,"@喜多郁代"
zonpoulin,"@早坂愛"
zowe,"@早坂愛"
zqw0317,"@喜多郁代"
zsa123,"@早坂愛"
zswzsw,"@早坂愛"
ztp15009,"@喜多郁代"
zuiko,"@早坂愛"
zw39107,"@早坂愛"
zweigert,"@早坂愛"
zx0158,"@早坂愛"
zx8262,"@早坂愛"
zxas570730,"@早坂愛"
zxc110181,"@早坂愛"
zxc17893,"@喜多郁代"
zxc2051516,"@早坂愛"
zxc2331189,"@喜多郁代"
zxc8520,"@喜多郁代"
zxcvbnm00316,"@喜多郁代"
zxlt3722,"@喜多郁代"
zxsx811,"@喜多郁代"
zxuanjia,"@早坂愛"
zy116pj,"@早坂愛"
zycamx,"@早坂愛"
zyxx,"@早坂愛"
zz12345567,"@早坂愛"
zz3000,"@喜多郁代 海夢我婆 大夥進攻囉"
zz7887,"@早坂愛"
zzgp1234,"@早坂愛"
zzr312,"@喜多郁代"
zzzb,"@早坂愛"
zzzpupil,"@喜多郁代"
zzztrees,"@早坂愛"
zzzz123,"@喜多郁代"
